action_prob 0,action_prob 1,action_prob 10,action_prob 11,action_prob 12,action_prob 13,action_prob 14,action_prob 15,action_prob 16,action_prob 17,action_prob 2,action_prob 3,action_prob 4,action_prob 5,action_prob 6,action_prob 7,action_prob 8,action_prob 9,current_exploration,episode_length,evaluation_reward,expert_loss,frame_number,q_val_action 0,q_val_action 1,q_val_action 10,q_val_action 11,q_val_action 12,q_val_action 13,q_val_action 14,q_val_action 15,q_val_action 16,q_val_action 17,q_val_action 2,q_val_action 3,q_val_action 4,q_val_action 5,q_val_action 6,q_val_action 7,q_val_action 8,q_val_action 9,td_loss,training_reward
0.04039841,0.042638823,0.063659504,0.04203675,0.031940855,0.07038128,0.06625945,0.024042131,0.093566984,0.03755799,0.07914222,0.06025673,0.05489658,0.067654476,0.02543689,0.044301745,0.06633718,0.08949197,1.0,559.6,0.0,0,11192,-0.3231262,-0.26915154,0.131632,-0.28337243,-0.5580307,0.23201057,0.17166144,-0.84210885,0.5167609,-0.3960306,0.34932986,0.07669762,-0.016465753,0.19249673,-0.78571624,-0.2308926,0.17283389,0.47223216,0,67.0
0.04039841,0.042638823,0.063659504,0.04203675,0.031940855,0.07038128,0.06625945,0.024042131,0.093566984,0.03755799,0.07914222,0.06025673,0.05489658,0.067654476,0.02543689,0.044301745,0.06633718,0.08949197,1.0,589.675,0.0,0,23587,-0.3231262,-0.26915154,0.131632,-0.28337243,-0.5580307,0.23201057,0.17166144,-0.84210885,0.5167609,-0.3960306,0.34932986,0.07669762,-0.016465753,0.19249673,-0.78571624,-0.2308926,0.17283389,0.47223216,0,76.5
0.04039841,0.042638823,0.063659504,0.04203675,0.031940855,0.07038128,0.06625945,0.024042131,0.093566984,0.03755799,0.07914222,0.06025673,0.05489658,0.067654476,0.02543689,0.044301745,0.06633718,0.08949197,1.0,583.9,0.0,0,35034,-0.3231262,-0.26915154,0.131632,-0.28337243,-0.5580307,0.23201057,0.17166144,-0.84210885,0.5167609,-0.3960306,0.34932986,0.07669762,-0.016465753,0.19249673,-0.78571624,-0.2308926,0.17283389,0.47223216,0,76.0
0.04039841,0.042638823,0.063659504,0.04203675,0.031940855,0.07038128,0.06625945,0.024042131,0.093566984,0.03755799,0.07914222,0.06025673,0.05489658,0.067654476,0.02543689,0.044301745,0.06633718,0.08949197,1.0,595.6875,0.0,0,47655,-0.3231262,-0.26915154,0.131632,-0.28337243,-0.5580307,0.23201057,0.17166144,-0.84210885,0.5167609,-0.3960306,0.34932986,0.07669762,-0.016465753,0.19249673,-0.78571624,-0.2308926,0.17283389,0.47223216,0,80.5
0.051455356,0.04850598,0.061648518,0.049170878,0.04611,0.07022837,0.06768886,0.046876617,0.061068643,0.04799359,0.048795514,0.041984603,0.058110423,0.049277596,0.052008506,0.087766096,0.0567593,0.05455113,0.9902853999999999,607.94,0.0,2.3654869,60794,1.095505,1.0364774,1.2762395,1.0500919,0.9858203,1.4065428,1.369712,1.0023093,1.2667888,1.0258578,1.0424287,0.8920933,1.2171354,1.0522599,1.1061977,1.6294656,1.1936098,1.1539288,1.2815132,84.6
0.04711056,0.0627196,0.051771935,0.052121993,0.0549243,0.06026801,0.05560865,0.04447097,0.055084076,0.05829385,0.053604048,0.04967666,0.07018933,0.054604832,0.06083608,0.061443556,0.051813312,0.0554583,0.9785746,626.14,0.0,2.3505392,73806,0.81213105,1.0983077,0.90648204,0.9132209,0.96558976,1.0584352,0.97797257,0.7544704,0.9684945,1.0251304,0.94125843,0.8651691,1.2108301,0.9597562,1.0678169,1.0777527,0.9072809,0.9752652,1.2619367,90.4
0.05556715,0.05118384,0.055097684,0.053850535,0.052316412,0.056962363,0.06318027,0.05423939,0.053101372,0.05685791,0.058136784,0.05509815,0.04760692,0.052191272,0.052656792,0.066804625,0.053995527,0.061153054,0.9671247999999999,629.41,0.0,2.153962,86528,0.9476683,0.86549985,0.9391837,0.9162884,0.8873863,0.9724668,1.076068,0.92348343,0.9022788,0.9706315,0.9928746,0.93919224,0.7930541,0.88499135,0.8938713,1.1318483,0.91897726,1.0434558,1.14494,91.2
0.05067881,0.06456865,0.050390493,0.059821304,0.055378072,0.07476983,0.04748894,0.056523982,0.054352645,0.05299032,0.05291167,0.052909598,0.05175759,0.048230514,0.052357025,0.065481044,0.05232961,0.057059936,0.9534483999999999,666.9,nan,2.077139,101724,1.0541837,1.296405,1.0484784,1.2200377,1.1428596,1.4430903,0.9891728,1.1633409,1.1241691,1.0987852,1.0972998,1.0972606,1.0752469,1.0046678,1.086762,1.3104365,1.0862383,1.1727781,1.3064731,103.2
0.050424203,0.060000885,0.049919125,0.06790695,0.046616238,0.058364887,0.054898158,0.05139093,0.06212044,0.04716033,0.04988156,0.04233434,0.055679187,0.046676017,0.054368462,0.09394479,0.059814245,0.04849916,0.940348,686.25,nan,2.1025777,116280,1.0110838,1.1849718,1.0010166,1.308751,0.9325615,1.157327,1.0960923,1.0300742,1.2196876,0.9441656,1.0002638,0.83621114,1.1102189,0.933843,1.0863967,1.6333197,1.1818564,0.9721589,1.240137,107.2
0.055173334,0.06410951,0.051250473,0.051594157,0.062672324,0.06364798,0.042143945,0.049348593,0.0578757,0.05444121,0.049443275,0.049975183,0.053580675,0.054606795,0.060718242,0.064372815,0.053438716,0.061607078,0.9286551999999999,684.78,nan,2.0394769,129272,1.2276571,1.3777701,1.1539022,1.1605858,1.3550973,1.3705449,0.95826834,1.1160866,1.2754749,1.2142987,1.1180034,1.1287038,1.1983658,1.2173356,1.3234215,1.3818687,1.1957128,1.337954,1.2625353,106.6
0.049516812,0.05795358,0.069886275,0.06167742,0.051281147,0.058290925,0.051802177,0.06676911,0.057529442,0.03964449,0.050133206,0.052431215,0.05514652,0.033582687,0.048477132,0.0912806,0.054499373,0.05009792,0.9188928999999999,663.13,nan,1.9865327,140119,1.4212381,1.5785681,1.765795,1.6408436,1.4562489,1.5843722,1.4663581,1.7201663,1.5712227,1.1988778,1.4336094,1.4784279,1.5289193,1.0329365,1.4000179,2.032864,1.517115,1.4329052,1.2739968,99.6
0.04893754,0.072302796,0.05479433,0.04240432,0.058037434,0.051014863,0.052709404,0.057444695,0.046974577,0.048213348,0.052274387,0.053186987,0.060850885,0.056565776,0.055364553,0.07938867,0.051756363,0.05777906,0.9079902999999999,657.05,nan,1.9478612,152233,1.4995092,1.8898271,1.6125511,1.3562146,1.6700525,1.5410814,1.5737582,1.659787,1.458571,1.4846003,1.5654708,1.5827782,1.7173907,1.6443685,1.622904,1.98332,1.5555117,1.6655908,1.2389175,97.4
0.060709115,0.044181302,0.06198481,0.06320564,0.05447911,0.069116324,0.06427652,0.052034173,0.041780874,0.04786208,0.061504137,0.059520625,0.049703095,0.05152608,0.039995782,0.06537688,0.05694625,0.05579725,0.8954370999999999,644.57,nan,1.9002925,166181,2.018534,1.7007418,2.0393295,2.0588336,1.9102575,2.148231,2.0756345,1.8643407,1.6448789,1.7807636,2.0315444,1.998763,1.8185072,1.8545282,1.601214,2.0926087,1.954548,1.9341646,1.3885349,94.4
0.060826324,0.049445085,0.061583824,0.06024621,0.046699096,0.052275594,0.060625065,0.045171592,0.057005424,0.06291862,0.060251497,0.05814865,0.04576721,0.04909848,0.058884956,0.07174845,0.043551177,0.055752777,0.8822673999999999,645.34,nan,1.846434,180814,2.2621014,2.0549414,2.274478,2.2525184,1.9978036,2.1106083,2.2587872,1.9645472,2.197225,2.2959208,2.2526062,2.2170813,1.9776466,2.0479069,2.2296643,2.427245,1.9280155,2.175006,1.4300277,97.0
0.05208377,0.04708395,0.040136397,0.06579597,0.057165023,0.069857754,0.075860634,0.047947545,0.065498,0.04337932,0.04991083,0.052694574,0.042119503,0.05498891,0.079614714,0.05669796,0.055395395,0.043769736,0.8678322999999999,675.81,nan,1.8048587,196853,2.1414924,2.0405712,1.8809226,2.3751976,2.2345812,2.4351,2.5175369,2.0587466,2.3706586,1.958622,2.098877,2.1531515,1.9291499,2.1957705,2.5658379,2.2263772,2.2031355,1.9675816,1.4646109,107.4
0.041331124,0.035368174,0.042051528,0.056986075,0.069585845,0.05381086,0.08999976,0.07176747,0.05732685,0.033466578,0.05405372,0.045988552,0.049625453,0.045703065,0.055070683,0.087158225,0.04528649,0.065419525,0.8543727999999999,716.89,201.66666666666666,1.7448497,211808,2.9822848,2.8264813,2.9995646,3.3034759,3.50323,3.2461443,3.7604759,3.5341003,3.309438,2.7712162,3.2506473,3.0890615,3.1651728,3.0828342,3.2692864,3.728394,3.0736778,3.4414897,1.6494883,123.8
0.044432104,0.025636768,0.0525774,0.077540055,0.05333948,0.043136593,0.05087248,0.05719167,0.06946368,0.054980025,0.07962907,0.051544476,0.049021192,0.053392816,0.056342807,0.05893251,0.06075282,0.061214045,0.8396703999999999,759.11,201.66666666666666,1.7701192,228144,2.896239,2.3463044,3.064563,3.4530714,3.0789535,2.8666484,3.0315988,3.148685,3.3430808,3.1092467,3.479656,3.0447218,2.9945295,3.079953,3.1337314,3.1786697,3.2090902,3.2166533,1.5586494,141.4
0.049823985,0.0470628,0.055214528,0.06297849,0.04647209,0.06388195,0.07312816,0.038525157,0.08694468,0.036626086,0.045808237,0.045767102,0.04268187,0.039123684,0.03888755,0.09976454,0.040866744,0.08644237,0.8267400999999999,763.3,201.66666666666666,1.7710491,242511,4.293948,4.2369347,4.396678,4.528245,4.2243037,4.5424886,4.677665,4.036763,4.8507237,3.9862125,4.2099156,4.2090173,4.139226,4.05218,4.046126,4.9882646,4.0957685,4.8449297,1.5176283,142.8
0.064135484,0.052074473,0.06317995,0.052235175,0.045878682,0.059522375,0.05446919,0.04534431,0.054252774,0.06658438,0.044987664,0.09011384,0.0390658,0.07295686,0.035770707,0.052785825,0.05970851,0.04693398,0.8132922999999999,766.39,201.66666666666666,1.7058165,257453,4.485295,4.276972,4.470284,4.280053,4.1502976,4.4106493,4.3219323,4.1385818,4.317951,4.522767,4.1306853,4.825371,3.9895444,4.6141653,3.9014263,4.2905397,4.4137716,4.173039,1.4912901,142.4
0.03745294,0.043751128,0.05070769,0.06824848,0.049537417,0.04199143,0.05249407,0.054635063,0.06920427,0.047284033,0.072954796,0.04471139,0.06564547,0.051297657,0.09898115,0.053477965,0.04483028,0.052794773,0.8011027,741.44,201.66666666666666,1.6919311,270997,4.3974524,4.5528846,4.7004447,4.9975224,4.6770954,4.5118327,4.7350674,4.775043,5.01143,4.63054,5.064207,4.5745955,4.958636,4.7120123,5.3692966,4.753637,4.577251,4.7407794,1.5660788,132.8
0.046733685,0.06342402,0.059215892,0.06826015,0.055541858,0.06929615,0.059401892,0.045932967,0.07559522,0.037890133,0.037398145,0.04215561,0.055003986,0.041056223,0.06827144,0.061523426,0.05943128,0.05386789,0.7898797,716.59,201.66666666666666,1.685444,283467,5.5730624,5.87844,5.8097873,5.9519234,5.745734,5.9669867,5.8129234,5.5557804,6.0539904,5.363288,5.3502183,5.469965,5.736003,5.4435396,5.952089,5.8480153,5.813418,5.7151318,1.5668477,123.0
0.050158888,0.052090302,0.0668539,0.055189036,0.050140854,0.049563598,0.06129791,0.04951493,0.060982235,0.066858776,0.06146674,0.046644486,0.05316059,0.060097113,0.06280884,0.055848535,0.052968513,0.04435477,0.7785990999999999,678.57,201.66666666666666,1.633232,296001,6.001039,6.038822,6.288353,6.0966077,6.0006795,5.9891,6.201589,5.9881177,6.196426,6.288426,6.2043395,5.928398,6.0591607,6.181805,6.2259393,6.1084867,6.055541,5.8780637,1.4819638,105.0
0.054095782,0.04735676,0.058453288,0.052906595,0.048632797,0.0563382,0.063147046,0.04668601,0.049855646,0.058126338,0.04492356,0.045272596,0.059373654,0.049233917,0.06624857,0.0836436,0.05166889,0.06403674,0.7690518999999999,640.98,37.5,1.6429307,306609,7.3011513,7.1681046,7.378623,7.278923,7.194693,7.341768,7.455861,7.1538396,7.219527,7.373014,7.1153574,7.123097,7.3942456,7.206978,7.503809,7.73696,7.255251,7.469852,1.6045177,88.6
0.0595498,0.04749375,0.04422292,0.055938125,0.04982514,0.045732018,0.06073106,0.050145052,0.05303793,0.06971103,0.08220259,0.05434607,0.048770126,0.047170304,0.055376213,0.0724889,0.044458266,0.05880079,0.7604532999999999,587.1,37.5,1.5968531,316163,7.6929545,7.4667397,7.395385,7.630388,7.5146613,7.4289403,7.712597,7.5210614,7.577149,7.8505,8.015328,7.601514,7.4932594,7.459906,7.6202917,7.889575,7.4006925,7.680297,1.5812076,68.8
0.07453981,0.037787456,0.05735149,0.05744848,0.040580075,0.051857084,0.052943967,0.051755857,0.05391338,0.05520038,0.06263021,0.051162906,0.046246134,0.05551132,0.06846142,0.06010579,0.052611317,0.069892965,0.7498764999999998,569.18,37.5,1.5925373,327915,8.367909,7.6885533,8.105775,8.107465,7.7598534,8.005068,8.02581,8.003114,8.043955,8.067546,8.193824,7.991591,7.890554,8.073163,8.282846,8.152682,8.019507,8.303541,1.5423621,62.2
0.062474836,0.04407264,0.04499846,0.075274564,0.048704803,0.04773476,0.06678962,0.057710662,0.07526537,0.039798807,0.044280592,0.04220749,0.0637277,0.037515458,0.085034184,0.08198163,0.035583884,0.046844576,0.7387965999999999,567.59,37.5,1.5347579,340226,8.516951,8.168026,8.188815,8.703329,8.267964,8.247847,8.5837345,8.437629,8.703207,8.066024,8.172733,8.124784,8.536806,8.00694,8.82524,8.788682,7.9540796,8.229022,1.5392299,60.4
0.044703066,0.03917341,0.060177673,0.06695695,0.044989187,0.06500599,0.041249335,0.04413526,0.06984062,0.04217151,0.04411401,0.028406681,0.060202755,0.03494968,0.09764839,0.10757603,0.053363044,0.055336487,0.7288191999999999,553.11,37.5,1.5154712,351312,8.435873,8.303829,8.733132,8.839881,8.442253,8.81031,8.355466,8.42309,8.882047,8.377576,8.422608,7.9824553,8.733549,8.18974,9.217204,9.314029,8.612949,8.649263,1.5649353,56.6
0.06973302,0.050212827,0.06732574,0.05809213,0.04625461,0.052511405,0.053942785,0.044720307,0.07616124,0.043478716,0.04223009,0.046547376,0.058611162,0.046098277,0.05083012,0.073576786,0.03970234,0.079971045,0.7176141999999999,571.53,37.5,1.4767189,363762,9.36999,9.041587,9.334859,9.187346,8.959477,9.086347,9.11324,8.925744,9.458169,8.897588,8.868449,8.965787,9.196241,8.956092,9.053805,9.423646,8.806726,9.506981,1.5764836,64.2
0.052826237,0.067362614,0.060092255,0.038069315,0.048344918,0.061490614,0.061848015,0.046605926,0.058452576,0.04903268,0.041640926,0.03571591,0.059956014,0.045212783,0.07190126,0.07616648,0.058271132,0.06701033,0.7060446999999999,604.54,37.5,1.4926233,376617,9.424858,9.66794,9.553731,9.097259,9.336211,9.576735,9.58253,9.299578,9.526066,9.350337,9.1869335,9.033446,9.551461,9.26923,9.733144,9.7907715,9.522957,9.662697,1.638202,76.0
0.056390986,0.05610583,0.05826949,0.06777873,0.06322253,0.057955533,0.050854873,0.048721235,0.050290924,0.06295604,0.068487816,0.035093892,0.060090616,0.055185806,0.059644766,0.051740326,0.05222591,0.044984683,0.6945454,614.79,37.5,1.4294494,389394,10.601136,10.596066,10.633905,10.785075,10.7154875,10.628503,10.497803,10.454942,10.486651,10.711264,10.795483,10.126854,10.6646805,10.579533,10.657233,10.515064,10.5244055,10.375149,1.5529184,83.2
0.043077316,0.052042887,0.05322682,0.051285658,0.061315775,0.06094965,0.050097674,0.04830314,0.0651614,0.05233949,0.04139845,0.05689406,0.05371606,0.051548388,0.08117097,0.062084656,0.049605332,0.06578229,0.6814414,637.28,105.33333333333333,1.4367921,403954,10.249656,10.438727,10.461222,10.42407,10.602696,10.596707,10.400634,10.364156,10.663527,10.44441,10.209903,10.52785,10.470371,10.42918,10.883217,10.615158,10.390758,10.67301,1.5923636,92.0
0.04639094,0.053734943,0.04311305,0.065706395,0.04659223,0.058889735,0.067894496,0.050990436,0.07957286,0.041611742,0.045937564,0.05194275,0.040592723,0.04789944,0.065892644,0.0884673,0.04451993,0.0602508,0.6691680999999998,662.79,105.33333333333333,1.4227084,417591,11.348122,11.495081,11.274843,11.696214,11.352451,11.586684,11.728972,11.442656,11.887691,11.2394,11.338301,11.46116,11.214606,11.380121,11.699044,11.99365,11.306954,11.609533,1.5653739,106.4
0.049080092,0.053341262,0.049040042,0.061151862,0.056214068,0.05591983,0.042161178,0.047677606,0.06349783,0.057499144,0.037526295,0.050449207,0.048914026,0.050809886,0.08455205,0.084256396,0.04536743,0.06254183,0.6559389999999998,685.28,105.33333333333333,1.3847107,432290,11.512995,11.5962515,11.512178,11.732902,11.648708,11.64346,11.361041,11.484003,11.770547,11.671311,11.244583,11.540508,11.509605,11.547632,12.056909,12.053406,11.434336,11.755377,1.6645237,120.0
0.060313202,0.05933913,0.061197184,0.09501837,0.06359636,0.057838745,0.053338308,0.049047425,0.03981812,0.044791523,0.0571455,0.066939004,0.053354334,0.047541615,0.05433603,0.04508758,0.05363528,0.037662353,0.6425766999999999,705.2,105.33333333333333,1.3718436,447137,12.084235,12.067953,12.098785,12.538754,12.13724,12.042343,11.961339,11.877472,11.669006,11.786703,12.030285,12.188466,11.961639,11.84629,11.979872,11.793291,11.966891,11.613345,1.6175101,133.8
0.053819317,0.042848796,0.069033444,0.04610559,0.050183926,0.06347068,0.06913668,0.06745088,0.059797786,0.04952973,0.041233703,0.040353194,0.052833553,0.04058565,0.05682648,0.09186416,0.041302618,0.06362382,0.6286816,731.82,105.33333333333333,1.3633417,462576,12.74121,12.513255,12.990169,12.586512,12.671272,12.906156,12.991663,12.966977,12.846546,12.658151,12.4748335,12.453248,12.722724,12.458992,12.79558,13.275888,12.476503,12.9085655,1.5959011,147.4
0.035369545,0.061161723,0.06383201,0.06928383,0.046796743,0.06898352,0.04353513,0.03799842,0.08915985,0.03571501,0.026555648,0.026500978,0.07878766,0.03639179,0.041198816,0.088966615,0.06603296,0.08372974,0.6139935999999999,749.42,105.33333333333333,1.3280661,478896,13.06922,13.61689,13.659623,13.74158,13.349182,13.737236,13.276937,13.140913,13.993799,13.078939,12.782611,12.78055,13.870125,13.097712,13.221778,13.99163,13.693522,13.930963,1.8219054,156.8
0.059847828,0.060978245,0.07227423,0.03613183,0.056629673,0.06965569,0.05065225,0.061736066,0.031464767,0.08031056,0.04643066,0.04846024,0.047403794,0.07320035,0.042998467,0.07288278,0.039686754,0.049255874,0.5997240999999999,771.6,105.33333333333333,1.3496507,494751,15.150077,15.168789,15.338739,14.645446,15.094805,15.301836,14.983255,15.18114,14.50714,15.444173,14.896232,14.939015,14.916974,15.351472,14.819436,15.347124,14.739289,14.9553,1.7332664,170.4
0.04883284,0.05032457,0.05934447,0.04668033,0.04979399,0.06463738,0.055557366,0.04719726,0.093036115,0.053793024,0.07698693,0.055505145,0.055451393,0.044169586,0.049752127,0.08008047,0.04070739,0.028149625,0.5831694999999999,808.55,225.0,1.353961,513145,16.430767,16.460857,16.625723,16.385687,16.450258,16.711157,16.55978,16.3967,17.075352,16.527508,16.886,16.55884,16.55787,16.3304,16.449417,16.925396,16.248774,15.879898,1.8260896,186.0
0.057978977,0.04285282,0.067825675,0.04841978,0.051793694,0.05985355,0.04830393,0.04502146,0.05247153,0.053536758,0.046152983,0.040944215,0.058183916,0.03703626,0.05793387,0.09359612,0.06770443,0.07039005,0.5676336999999999,832.7,225.0,1.329569,530407,17.052364,16.750055,17.209225,16.872192,16.939552,17.084185,16.869797,16.799423,16.952555,16.972652,16.824245,16.704494,17.055893,16.604181,17.051586,17.531273,17.207436,17.246336,1.7393391,197.0
0.06013776,0.049161617,0.0507094,0.063071206,0.063679345,0.05814316,0.04209903,0.05901048,0.048644595,0.05246259,0.06341148,0.054980945,0.060907368,0.048141457,0.05637224,0.053432968,0.07892695,0.036707453,0.5519656,852.4,225.0,1.3247862,547816,16.73444,16.532915,16.563913,16.782066,16.791662,16.70071,16.377827,16.715517,16.522343,16.597902,16.787447,16.644789,16.747156,16.511946,16.669779,16.61623,17.006325,16.240782,1.7850078,210.6
0.052012548,0.052920684,0.06481542,0.058297977,0.042905387,0.068474,0.050520096,0.05932433,0.04823108,0.050109264,0.046186246,0.05316967,0.066025496,0.071258895,0.052333176,0.07032387,0.049386617,0.043705244,0.5360796999999999,865.71,225.0,1.3491528,565467,17.077574,17.094883,17.297632,17.191656,16.885086,17.352543,17.04846,17.209108,17.002092,17.040295,16.95877,17.099577,17.31613,17.392408,17.08372,17.3792,17.025768,16.903557,1.7643353,221.6
0.05051815,0.040156994,0.055716958,0.061697993,0.045197025,0.06369038,0.055554915,0.059493598,0.06333738,0.046494164,0.06570699,0.04031824,0.07255436,0.06245707,0.044694066,0.046218738,0.061029572,0.065163456,0.5200884999999998,884.84,225.0,1.3187252,583235,16.761526,16.53199,16.859478,16.961445,16.650225,16.993227,16.856565,16.925062,16.987669,16.67852,17.024399,16.535997,17.12353,16.973673,16.639034,16.672579,16.950552,17.016092,1.9404922,227.4
0.050968405,0.056564175,0.038343962,0.07843966,0.068108365,0.059693784,0.039036,0.037036024,0.069713406,0.05282185,0.05888007,0.03635246,0.064839765,0.040306643,0.06430929,0.07358079,0.05697172,0.054033652,0.5046525999999999,872.41,225.0,1.2975239,600386,17.205143,17.309313,16.920534,17.636267,17.495037,17.363165,16.938421,16.885828,17.51833,17.240862,17.34944,16.867199,17.445856,16.970453,17.437641,17.57232,17.316492,17.263544,1.7612698,226.4
0.051708356,0.04971644,0.04070458,0.06894694,0.050997756,0.083792426,0.036231793,0.04575535,0.060057387,0.0749469,0.058627002,0.041741535,0.058317848,0.056347925,0.08186168,0.055372216,0.04106211,0.043811716,0.4913253999999999,847.87,245.0,1.294868,615194,17.080976,17.041693,16.841698,17.368694,17.067139,17.5637,16.725294,16.958666,17.230658,17.452137,17.206553,16.866854,17.201265,17.166903,17.540388,17.149435,16.850443,16.915258,1.7891518,222.0
0.05992942,0.045111217,0.05061061,0.049069762,0.043413576,0.055845022,0.06443619,0.06355128,0.055377893,0.06243678,0.054500725,0.055747963,0.039763536,0.049513612,0.04784501,0.06780461,0.06277675,0.07226607,0.4773690999999999,828.85,245.0,1.2979765,630701,17.51202,17.227983,17.343014,17.312096,17.189625,17.441433,17.584528,17.5707,17.433033,17.553007,17.417067,17.439693,17.101803,17.3211,17.28682,17.635483,17.558437,17.699207,1.7273942,215.4
0.062461462,0.049092535,0.032535627,0.04554168,0.0622443,0.06158088,0.0536161,0.04851809,0.06549877,0.046357166,0.05868372,0.04495594,0.0653474,0.057622813,0.054876056,0.06269529,0.060342364,0.06802978,0.4623723999999999,818.97,245.0,1.275354,647364,17.533205,17.292362,16.880991,17.217283,17.529722,17.519007,17.380505,17.280592,17.580687,17.235031,17.470818,17.204338,17.578373,17.452574,17.403732,17.536942,17.49869,17.6186,1.5154256,211.4
0.04528787,0.05134461,0.04583666,0.05453058,0.041052226,0.056721646,0.072669,0.056730412,0.06328976,0.07184389,0.045978773,0.043155015,0.054122526,0.056934744,0.05565671,0.06712892,0.051769327,0.06594728,0.44647839999999983,817.89,245.0,1.2908602,665024,17.82624,17.951761,17.838285,18.011963,17.728046,18.051357,18.299116,18.051512,18.160925,18.287697,17.841381,17.778,18.004452,18.055107,18.032404,18.219816,17.96,18.202057,1.7124507,214.6
0.046862174,0.06433645,0.060791235,0.054668736,0.043893144,0.045200083,0.07716324,0.048781857,0.07854436,0.03961409,0.044877086,0.054307804,0.04993821,0.054379318,0.051452223,0.07006363,0.053351745,0.061774705,0.4315374999999999,812.39,245.0,1.3160408,681625,18.146532,18.463448,18.406767,18.300613,18.08108,18.11042,18.645245,18.18668,18.662985,17.978506,18.103249,18.29399,18.210108,18.295305,18.239975,18.548725,18.276228,18.422815,1.9636092,215.2
0.052350063,0.043954633,0.06092413,0.047359426,0.044851407,0.051114652,0.074201494,0.053298544,0.06318876,0.03908459,0.04991897,0.052412804,0.055062205,0.046907146,0.05609758,0.06912015,0.07575062,0.064402856,0.4165452999999999,830.89,245.0,1.3079311,698283,18.910568,18.735773,19.062244,18.81038,18.75597,18.886686,19.2594,18.928524,19.098742,18.618343,18.863016,18.911766,18.961079,18.800785,18.979708,19.188461,19.280062,19.117773,1.6953468,220.4
0.050125964,0.04201054,0.06375528,0.054254215,0.03480804,0.047631424,0.060335692,0.051669903,0.08107232,0.040115725,0.051675722,0.038938563,0.06278456,0.049770992,0.06994726,0.07720513,0.06532261,0.058576033,0.40114269999999985,846.96,167.14285714285714,1.3242538,715397,18.962204,18.785585,19.202717,19.041346,18.597513,18.911158,19.147589,18.99254,19.443007,18.739433,18.992653,18.70965,19.187374,18.955097,19.295406,19.39413,19.227003,19.11799,1.6812154,221.8
0.054888744,0.046572365,0.06508311,0.075020865,0.056334395,0.044285573,0.041144125,0.05667832,0.06556416,0.04921387,0.037284013,0.045016702,0.04551287,0.03513375,0.092641935,0.07887081,0.047829997,0.06292437,0.3881988999999999,824.15,167.14285714285714,1.3029441,729779,19.702555,19.538254,19.872911,20.015013,19.728552,19.487906,19.414328,19.734638,19.880276,19.593422,19.315811,19.50428,19.515242,19.256409,20.225988,20.065058,19.5649,19.83918,1.5886307,213.2
0.046147536,0.05513117,0.06503664,0.071140125,0.059003223,0.060389895,0.046995465,0.056786157,0.04279092,0.05191784,0.03741621,0.04126906,0.045006283,0.043439668,0.058743495,0.08895731,0.062545724,0.06728324,0.37346139999999983,811.3,167.14285714285714,1.334761,746154,19.272802,19.450674,19.61591,19.70561,19.51855,19.54178,19.29101,19.480251,19.197285,19.390621,19.063063,19.161072,19.24776,19.212332,19.51414,19.929115,19.576857,19.64987,1.6362346,204.8
0.05020014,0.05625281,0.06022029,0.059271965,0.06182819,0.04922176,0.060738463,0.06796562,0.032679565,0.03965352,0.061686367,0.056883562,0.060173675,0.05964075,0.06401937,0.064078614,0.044417296,0.051068056,0.35951769999999983,800.22,167.14285714285714,1.3399905,761647,19.599699,19.713537,19.78169,19.765818,19.80804,19.580017,19.790258,19.902683,19.170431,19.363861,19.805744,19.724688,19.780916,19.77202,19.842867,19.843792,19.47731,19.61684,1.7497687,194.4
0.06945192,0.043841142,0.08793875,0.048825096,0.055569857,0.058848497,0.035662454,0.06143635,0.06402472,0.060902238,0.04801636,0.048343968,0.04612468,0.047468,0.0510995,0.07395671,0.046213273,0.052276485,0.34426179999999984,803.15,167.14285714285714,1.350981,778598,20.135168,19.675106,20.371174,19.782778,19.912174,19.9695,19.468632,20.012535,20.053802,20.003803,19.766075,19.772875,19.725882,19.75459,19.828308,20.198013,19.7278,19.85108,1.6660212,194.4
0.04775468,0.046222784,0.05111382,0.046889298,0.05315341,0.06752728,0.045575045,0.033054482,0.062607095,0.051112846,0.047083504,0.049159992,0.07523391,0.058910698,0.06374943,0.067086436,0.0729878,0.060777478,0.32918769999999986,799.5,167.14285714285714,1.3750409,795347,20.456516,20.423912,20.524494,20.438229,20.563622,20.80297,20.4098,20.088596,20.727318,20.524475,20.442362,20.48552,20.911041,20.666462,20.7454,20.796421,20.880732,20.697659,1.8578953,193.8
0.04992323,0.07838373,0.05035885,0.045506455,0.05548282,0.038105555,0.04211116,0.074733526,0.07302851,0.052747343,0.058799937,0.054535504,0.062271167,0.06484002,0.037926603,0.056892235,0.063231654,0.04112169,0.3157254999999999,805.26,215.3846153846154,1.3315134,810305,20.394358,20.845488,20.403046,20.301725,20.499945,20.124231,20.224184,20.7978,20.774721,20.449385,20.558012,20.482723,20.61537,20.655794,20.119524,20.52503,20.630676,20.200407,1.7066542,197.0
0.050640613,0.06873612,0.056920484,0.06591265,0.05914855,0.039240632,0.0766146,0.052844748,0.04374646,0.047933407,0.04125227,0.04270716,0.067029074,0.038539313,0.07566456,0.073020466,0.040134434,0.059914418,0.3027546999999998,785.63,215.3846153846154,1.3566076,824717,20.80017,21.105692,20.917072,21.063747,20.95547,20.54513,21.214205,20.842775,20.653828,20.74523,20.595123,20.629784,21.080544,20.527096,21.201727,21.166157,20.567652,20.968334,1.8256711,190.4
0.04621255,0.06418671,0.056809355,0.042331222,0.079506196,0.0653722,0.04700265,0.06100127,0.054069076,0.04619784,0.06170574,0.049169555,0.05566542,0.043681372,0.050994046,0.06261939,0.059206728,0.054268695,0.28967679999999985,776.01,215.3846153846154,1.3307158,839248,20.374601,20.703146,20.58105,20.286875,20.917185,20.721447,20.391554,20.652245,20.531612,20.374283,20.663727,20.436625,20.560709,20.318272,20.473059,20.678425,20.622385,20.535297,1.6665856,187.2
0.04997592,0.059853286,0.062286258,0.03541161,0.056415275,0.056274917,0.07079746,0.053265996,0.052763652,0.051281232,0.050610274,0.04359892,0.058437802,0.0514841,0.068766914,0.07986967,0.04520661,0.053700153,0.27423999999999993,778.02,215.3846153846154,1.3283184,856400,21.270424,21.450779,21.490623,20.925922,21.391623,21.389132,21.618706,21.33418,21.324705,21.296207,21.283037,21.133915,21.426846,21.300156,21.589605,21.739279,21.170126,21.342299,1.6235095,187.2
0.0765729,0.046685565,0.059168015,0.07426444,0.06380174,0.048156865,0.051920734,0.070716046,0.041037284,0.05299459,0.048412986,0.056362115,0.042020556,0.048901517,0.06459077,0.053822767,0.050133612,0.05043746,0.2587653999999999,782.47,215.3846153846154,1.3364122,873594,20.798882,20.304073,20.54102,20.76827,20.616419,20.335102,20.410357,20.71931,20.17512,20.430828,20.340406,20.492435,20.198797,20.350447,20.62871,20.446335,20.37533,20.381372,1.7801813,189.8
0.054810677,0.055552363,0.06208163,0.06763866,0.046805933,0.0613909,0.06376075,0.054304324,0.048267033,0.056687705,0.045402654,0.054110155,0.062042214,0.034126323,0.06171799,0.07416875,0.043296423,0.0538355,0.24447609999999986,791.66,215.3846153846154,1.3523566,889471,20.72264,20.73608,20.847204,20.932934,20.564764,20.836016,20.873892,20.713358,20.595503,20.756311,20.534325,20.709776,20.84657,20.248823,20.84133,21.025097,20.486824,20.704687,1.9902512,193.2
0.048037898,0.047730934,0.073105566,0.05113998,0.04914736,0.053499263,0.07945137,0.060155537,0.050092623,0.037008338,0.04942779,0.06134387,0.045221433,0.06382879,0.07582531,0.064941615,0.0409363,0.049106043,0.22885749999999982,821.08,180.0,1.360582,906825,20.269165,20.262754,20.68908,20.331741,20.291998,20.376842,20.77232,20.494108,20.311049,20.008318,20.297688,20.51367,20.208746,20.55338,20.725607,20.570663,20.109192,20.291157,1.6896206,201.6
0.045580495,0.055049825,0.06402527,0.045050066,0.049975853,0.055988558,0.060763758,0.069045715,0.052783508,0.037599195,0.051922478,0.061899614,0.051374268,0.05067908,0.06867559,0.06687228,0.062313627,0.050400876,0.2143143999999999,837.36,180.0,1.3614638,922984,19.778774,19.967533,20.118572,19.767069,19.870834,19.984442,20.066288,20.194063,19.925493,19.586277,19.909046,20.084808,19.898432,19.884808,20.188688,20.162079,20.091475,19.879303,1.645253,210.6
0.0650928,0.06120668,0.05270079,0.053035975,0.04249288,0.05933973,0.056471474,0.042992625,0.063315414,0.05524228,0.052056517,0.0566012,0.042007357,0.045559786,0.07039271,0.06868787,0.06398324,0.04882065,0.20090799999999986,814.8,180.0,1.4091322,937880,20.066483,20.004925,19.855299,19.861639,19.640005,19.973948,19.924404,19.651697,20.038797,19.902397,19.842999,19.926699,19.628513,19.709694,20.144758,20.120241,20.04929,19.778822,1.642137,201.4
0.048368514,0.06219946,0.045545086,0.05673239,0.06727495,0.05030374,0.05610974,0.06200425,0.06550066,0.04950175,0.04856875,0.05013879,0.056187596,0.043896712,0.10075232,0.050307285,0.047266085,0.039341927,0.18745929999999988,792.29,180.0,1.3867105,952823,19.241001,19.492498,19.180855,19.400497,19.57094,19.280231,19.389462,19.489355,19.544212,19.26416,19.245132,19.276947,19.390848,19.143991,19.974817,19.280302,19.217945,19.034443,1.8517591,192.2
0.052691054,0.05160681,0.058913227,0.05130433,0.054815006,0.056790452,0.054900385,0.0487704,0.053169783,0.047645997,0.054032538,0.05669478,0.059345394,0.045442887,0.056529462,0.07283837,0.06609884,0.05841029,0.1732419999999999,791.49,180.0,1.3660765,968620,19.5417,19.520908,19.65332,19.51503,19.581219,19.616623,19.582775,19.464378,19.550745,19.441053,19.566841,19.614937,19.66063,19.393711,19.612017,19.865498,19.768406,19.644747,1.5916853,189.0
0.046392027,0.06005017,0.0525861,0.050938357,0.045481443,0.064108424,0.0569528,0.058878805,0.06543584,0.049650203,0.04194121,0.056180943,0.05057368,0.05520139,0.057299946,0.0718919,0.05506195,0.06137487,0.1593549999999999,772.25,180.0,1.4023805,984050,19.05615,19.314203,19.181475,19.14964,19.036327,19.379599,19.261246,19.294504,19.400093,19.124025,18.955292,19.2476,19.142454,19.230011,19.267323,19.494186,19.227482,19.336023,1.5238742,183.4
0.053667527,0.042663205,0.07875213,0.048238557,0.049243674,0.057466257,0.07722863,0.06004966,0.04459321,0.0569066,0.043922797,0.050808195,0.048213262,0.054623406,0.056885004,0.061711237,0.057630133,0.057396475,0.14482089999999992,772.15,180.0,1.3685182,1000199,19.092651,18.86318,19.476149,18.986002,19.006624,19.161041,19.456614,19.205015,18.907425,19.151255,18.892277,19.0379,18.985477,19.110306,19.150875,19.23231,19.163889,19.159826,1.788773,183.8
0.06831953,0.039647624,0.05059521,0.070931934,0.050914474,0.06423071,0.0457978,0.055257235,0.05590294,0.04674689,0.043892696,0.056599677,0.04480581,0.05415044,0.064611495,0.049770344,0.0782775,0.05954765,0.13160349999999987,770.05,152.85714285714286,1.4056864,1014885,19.097172,18.553007,18.796833,19.134697,18.803123,19.035458,18.697212,18.884975,18.896593,18.717724,18.654724,18.90898,18.675314,18.864742,19.041368,18.780396,19.233236,18.959753,1.9570001,182.6
0.054303292,0.053860456,0.056897644,0.060203955,0.05380317,0.056930967,0.047755323,0.05085196,0.05951198,0.06575162,0.049039945,0.044109967,0.055022474,0.056772217,0.054775562,0.06536723,0.061096657,0.05394559,0.1161243999999999,792.61,152.85714285714286,1.4686518,1032084,18.585262,18.577074,18.631931,18.688416,18.57601,18.632517,18.456768,18.519596,18.676855,18.776562,18.483313,18.377363,18.59842,18.629725,18.593922,18.770699,18.703135,18.578653,1.687477,189.4
0.04443064,0.05036486,0.05400784,0.06410349,0.04993718,0.0598037,0.051491022,0.053889304,0.04320219,0.049332336,0.059062224,0.06822011,0.05570406,0.0589218,0.07877183,0.04897626,0.058143117,0.051638056,0.10139139999999991,798.34,152.85714285714286,1.4664458,1048454,18.482561,18.607925,18.677761,18.84913,18.599398,18.7797,18.63004,18.675564,18.454523,18.587212,18.767223,18.911371,18.708685,18.764843,19.055187,18.579967,18.75154,18.63289,1.6253601,192.6
0.06073576,0.058342427,0.03944447,0.059538867,0.038595468,0.07714843,0.065220505,0.062780604,0.047451057,0.07739633,0.06440229,0.04498312,0.054259997,0.043984607,0.04761724,0.051511563,0.056748815,0.04983852,0.09997228294177733,810.25,152.85714285714286,1.4437404,1065075,18.963385,18.923182,18.531746,18.943481,18.509987,19.202583,19.034626,18.996498,18.71655,19.205791,19.022001,18.66314,18.85064,18.640692,18.720047,18.798658,18.895487,18.76564,1.666184,192.8
0.055244535,0.06440645,0.051310033,0.030798927,0.060418803,0.06389121,0.063196495,0.050560042,0.068480834,0.06709152,0.03384162,0.04210059,0.051074516,0.052016255,0.04381261,0.06365135,0.06382763,0.074276574,0.09993895260469868,830.04,152.85714285714286,1.4579375,1083203,18.63988,18.793324,18.565996,18.05559,18.72941,18.785292,18.774359,18.551271,18.854664,18.834167,18.149801,18.368172,18.561396,18.579666,18.408031,18.78153,18.784296,18.935905,1.8718265,197.8
0.05867414,0.06378208,0.05098281,0.047354992,0.044894535,0.07126515,0.046823736,0.07319936,0.0527849,0.05998999,0.054271437,0.07348081,0.045727197,0.054239977,0.047625013,0.061043233,0.051197093,0.04266351,0.0999067493360572,858.33,152.85714285714286,1.448497,1100718,19.08476,19.168234,18.94425,18.870434,18.817078,19.27917,18.859152,19.305948,18.978987,19.10694,19.00676,19.309786,18.835455,19.00618,18.87612,19.124344,18.948444,18.766106,1.8942847,210.6
0.07318588,0.0584625,0.058188833,0.07521195,0.06436115,0.06696102,0.056597587,0.07245531,0.035262156,0.0498718,0.04378664,0.042959392,0.054928612,0.039117433,0.042170364,0.07308433,0.048189748,0.04520528,0.09987321491317672,868.73,267.27272727272725,1.4176575,1118957,19.108862,18.884245,18.879553,19.13617,18.98037,19.01997,18.851826,19.09883,18.37867,18.725315,18.595188,18.576115,18.821894,18.482428,18.557577,19.107473,18.691006,18.627073,1.6505777,210.0
0.04716219,0.05421785,0.050558478,0.06909194,0.0506018,0.05880411,0.06516201,0.05396024,0.052497145,0.06272441,0.05901512,0.05769996,0.051262766,0.044654313,0.051244877,0.050387695,0.06767279,0.053282272,0.09984122492339122,879.02,267.27272727272725,1.4842024,1136356,18.43585,18.575268,18.505388,18.817696,18.506245,18.65647,18.759134,18.570505,18.543016,18.721008,18.660051,18.637514,18.519222,18.381208,18.518873,18.502005,18.796942,18.557861,1.814524,215.2
0.057954717,0.055230893,0.05612655,0.07761458,0.056785766,0.06272677,0.054134946,0.05188571,0.06502219,0.055041913,0.03717771,0.03583914,0.04736446,0.040527035,0.06730897,0.066472165,0.06951079,0.043275714,0.09980991889683351,883.08,267.27272727272725,1.4437894,1153383,19.039139,18.991,19.007086,19.331232,19.018763,19.118265,18.970957,18.92852,19.154205,18.987572,18.595186,18.558517,18.837349,18.681446,19.18877,19.17626,19.220959,18.747068,1.7460219,219.6
0.044724878,0.0573062,0.049451757,0.0655927,0.04602751,0.055684578,0.046085134,0.045251302,0.059990782,0.04417196,0.06031341,0.037625648,0.06729178,0.03782121,0.060386386,0.072120465,0.098030806,0.052123483,0.09977874157303371,871.37,267.27272727272725,1.422099,1170340,18.59987,18.84775,18.700338,18.982805,18.62858,18.819044,18.629831,18.611572,18.893532,18.587431,18.898895,18.427027,19.008379,18.43221,18.900105,19.077679,19.384623,18.752956,1.7438178,212.6
0.050882917,0.0675067,0.06624483,0.06076464,0.06495958,0.04251378,0.056993227,0.053296473,0.044677198,0.042448636,0.071777634,0.057032052,0.04916339,0.04582182,0.0631745,0.051935904,0.05299096,0.057815712,0.09974713401430031,868.13,267.27272727272725,1.4440938,1187531,18.45703,18.739729,18.72086,18.63451,18.701267,18.27733,18.570435,18.503372,18.326965,18.275797,18.801075,18.571115,18.422651,18.352262,18.673403,18.477512,18.497623,18.584763,1.7902676,211.8
0.05221689,0.053521995,0.04588172,0.07332647,0.055470314,0.060082015,0.06257964,0.051507447,0.05327044,0.04597361,0.06331237,0.058709472,0.053684354,0.0465616,0.04991654,0.059438355,0.04846057,0.06608619,0.09971501348314607,860.44,267.27272727272725,1.4669404,1205001,18.550335,18.575022,18.420996,18.88985,18.610777,18.69064,18.731369,18.536655,18.57031,18.422997,18.74301,18.66753,18.57805,18.435705,18.505281,18.679869,18.47568,18.785889,1.6641392,211.6
0.055040438,0.058271173,0.04941488,0.054426808,0.06481502,0.051064443,0.05323166,0.046789613,0.06647584,0.073436506,0.052879807,0.04542589,0.046938088,0.06140134,0.051995177,0.06654218,0.047065746,0.0547854,0.09968325148110317,859.2,208.33333333333334,1.437002,1222276,18.059164,18.116203,17.951347,18.047953,18.222633,17.984184,18.02575,17.896757,18.247934,18.347517,18.019117,17.867178,17.899925,18.168528,18.002247,18.248932,17.902641,18.05452,1.6915852,209.0
0.051495407,0.05556396,0.052770603,0.06358179,0.062383406,0.048542567,0.049134918,0.06092947,0.04913679,0.05386204,0.053594057,0.05254823,0.062061552,0.05436831,0.06252969,0.058592387,0.046951894,0.06195286,0.09965076690500511,865.61,208.33333333333334,1.4270592,1239944,17.942406,18.018448,17.966867,18.15324,18.134212,17.883354,17.895483,18.11063,17.895521,17.987339,17.982351,17.962645,18.12904,17.996695,18.136555,18.071518,17.850037,18.127287,1.6399453,217.8
0.054024458,0.061507285,0.05891475,0.07378748,0.04710075,0.055055115,0.046241567,0.05910564,0.057205692,0.06452981,0.053166397,0.060991626,0.050566822,0.05768802,0.052918527,0.043431237,0.061126485,0.042638265,0.09962182717058223,853.44,208.33333333333334,1.4220331,1255684,17.64454,17.77426,17.731195,17.956293,17.507393,17.663439,17.488983,17.73443,17.701757,17.822231,17.62853,17.76584,17.5784,17.710154,17.623857,17.426283,17.76805,17.407856,2.08602,217.4
0.067766406,0.0748962,0.05016003,0.06706345,0.06435703,0.052666117,0.045121495,0.057146616,0.060323294,0.0520867,0.03233736,0.044159483,0.051491953,0.057716444,0.054309014,0.054484766,0.060032442,0.05388114,0.09959111685393258,848.56,208.33333333333334,1.4429837,1272387,18.056173,18.15621,17.755325,18.045746,18.004553,17.80408,17.649466,17.885727,17.939825,17.793016,17.31633,17.627914,17.781532,17.895649,17.834797,17.838028,17.934992,17.826887,1.6672405,210.8
0.07066348,0.062493067,0.059184514,0.060786314,0.039542418,0.047919754,0.060401343,0.063111514,0.047437057,0.057716772,0.055529185,0.06657163,0.047465388,0.0563272,0.05994284,0.051115114,0.05185919,0.041933224,0.09956196935648622,832.39,208.33333333333334,1.4318514,1288240,18.203104,18.08023,18.025835,18.05254,17.62255,17.814703,18.046186,18.090078,17.804579,18.000723,17.962084,18.143454,17.805176,17.976353,18.038567,17.879255,17.893707,17.681253,1.6981914,205.2
0.05981271,0.06968928,0.05373688,0.07404814,0.050472658,0.072579645,0.061216414,0.04307096,0.06294424,0.04629768,0.04692677,0.035151552,0.04588397,0.040996037,0.06760677,0.05374119,0.06440252,0.051422514,0.09952865924412667,840.81,208.33333333333334,1.4436396,1306357,18.114895,18.267723,18.007776,18.328392,17.945108,18.308361,18.138092,17.786526,18.165926,17.858768,17.872265,17.583345,17.849792,17.737152,18.237385,18.007856,18.18883,17.963753,1.7389159,203.4
0.05490773,0.059121594,0.052309442,0.08170359,0.07796523,0.0587139,0.06578643,0.04160478,0.06400719,0.050892755,0.04924038,0.036690883,0.04764792,0.03683484,0.055965807,0.06264646,0.05666257,0.0472985,0.0994971013278856,835.77,294.0,1.3924403,1323521,17.820889,17.89483,17.772411,18.218332,18.171497,17.88791,18.001648,17.54345,17.97423,17.744955,17.711948,17.417763,17.679073,17.421679,17.839975,17.952742,17.852348,17.671713,1.7072313,195.6
0.059487145,0.034567684,0.035582766,0.07026151,0.059680693,0.07968295,0.048025534,0.08277692,0.050792553,0.055344254,0.04716685,0.04008308,0.063202836,0.044669453,0.070892036,0.0395336,0.05782542,0.06042474,0.09946467007150153,854.76,294.0,1.5174098,1341160,18.131222,17.58838,17.617323,18.297686,18.13447,18.423517,17.917194,18.46161,17.973211,18.059034,17.899153,17.736416,18.19181,17.844751,18.30662,17.722612,18.10289,18.14686,2.2688644,196.8
0.059119888,0.07304761,0.05802585,0.07071838,0.05693556,0.06638412,0.03989957,0.054174837,0.05659969,0.060200203,0.06428232,0.04249807,0.0560874,0.04780001,0.03832511,0.05721053,0.044302233,0.05438863,0.0994323141981614,863.71,294.0,1.3549597,1358758,17.880875,18.092419,17.862196,18.060013,17.843227,17.996765,17.487673,17.793524,17.83731,17.898983,17.964592,17.550766,17.828218,17.668333,17.447412,17.848045,17.592342,17.797462,1.8332694,197.4
0.05675987,0.072655305,0.050089937,0.06690257,0.050269004,0.051271915,0.055862095,0.06012386,0.049024235,0.039340496,0.044492655,0.03750096,0.06792995,0.043151654,0.06941908,0.06930239,0.05102704,0.06487697,0.09940292951991829,865.0,294.0,1.4288651,1374740,18.52669,18.773586,18.40168,18.691097,18.405249,18.425003,18.510746,18.584267,18.380175,18.160114,18.283184,18.112226,18.706337,18.25258,18.728022,18.72634,18.420216,18.660353,1.7568758,197.8
0.05527486,0.07581696,0.049805693,0.055377956,0.056460716,0.06774071,0.051938403,0.05622333,0.056230832,0.051870394,0.05228141,0.06335662,0.04732655,0.049845036,0.0399282,0.0619687,0.053409558,0.055144075,0.0993725722165475,848.94,294.0,1.4001428,1391251,18.200525,18.51653,18.096336,18.202389,18.221752,18.403894,18.138266,18.217539,18.217672,18.136955,18.144848,18.336987,18.045279,18.097126,17.87529,18.314837,18.166197,18.198156,1.7353712,197.8
0.073604226,0.06591224,0.050472412,0.06366441,0.060553614,0.04944505,0.050022066,0.055237636,0.056237463,0.05280915,0.045565166,0.0470103,0.06473398,0.043279428,0.055337496,0.05497686,0.05771204,0.053426452,0.09934469519918285,828.92,294.0,1.4325268,1406413,18.34182,18.231441,17.964544,18.196743,18.146646,17.94398,17.955582,18.054762,18.0727,18.009802,17.86226,17.893484,18.213404,17.810795,18.056568,18.05003,18.098583,18.021423,1.6212043,192.8
0.048605256,0.06464648,0.05487009,0.06392051,0.05195571,0.060681697,0.054399703,0.057961337,0.07218814,0.05722054,0.05114299,0.042347465,0.062065892,0.037467144,0.049945306,0.060740985,0.054186378,0.05565439,0.09931378263534218,820.66,268.0,1.3624108,1423226,17.20329,17.488493,17.324528,17.4772,17.26995,17.425201,17.315918,17.379335,17.598835,17.366472,17.254185,17.065468,17.447756,16.943024,17.230488,17.426178,17.311989,17.33872,1.7797134,196.0
0.057018545,0.06763826,0.06812782,0.05667786,0.060789414,0.05836023,0.052821007,0.061755076,0.05868013,0.052358795,0.047426265,0.02866345,0.052081406,0.044540193,0.049404953,0.07132955,0.05694105,0.055386044,0.09928259611848826,814.3,268.0,1.3857636,1440188,17.676678,17.847475,17.854687,17.670685,17.740717,17.699936,17.60021,17.756477,17.705402,17.591421,17.492477,16.988924,17.58611,17.429693,17.533352,17.900612,17.675318,17.647629,1.718289,197.8
0.068395756,0.059807472,0.05656855,0.05043138,0.053661097,0.060564075,0.05193904,0.06413762,0.048917174,0.053754624,0.042693425,0.031613193,0.056501802,0.046145607,0.057600383,0.0751338,0.05371322,0.068421714,0.09925403329928499,809.83,268.0,1.4095752,1455723,17.635368,17.501188,17.44551,17.330671,17.392746,17.51376,17.360128,17.571089,17.300186,17.394487,17.164103,16.863632,17.44433,17.24186,17.463587,17.729328,17.393717,17.635748,1.5614754,194.8
0.049118932,0.06423434,0.056638617,0.08197821,0.055953566,0.0736307,0.05618038,0.06308175,0.036277417,0.042298365,0.04254669,0.045576688,0.056028858,0.049378753,0.05095864,0.06464374,0.059800513,0.051673826,0.09922596690500511,797.37,268.0,1.3598342,1470988,17.610598,17.878891,17.753044,18.122807,17.740875,18.015415,17.74492,17.860785,17.307549,17.461102,17.466955,17.53575,17.74222,17.615873,17.647367,17.885244,17.807367,17.661304,1.6965321,183.4
0.0491502,0.06911487,0.058994863,0.058669224,0.069589086,0.06295358,0.064488895,0.06240674,0.053166244,0.04254439,0.020564847,0.020218695,0.05806395,0.024565857,0.07223213,0.0918315,0.059915785,0.061529163,0.09919941736465782,790.15,268.0,1.4076352,1485428,18.700647,19.041536,18.883217,18.877682,19.048374,18.948164,18.97226,18.93944,18.77919,18.556314,17.82935,17.812374,18.867311,18.007124,19.085651,19.325722,18.898706,18.925278,1.7116082,176.6
0.049317636,0.06413868,0.050938882,0.052728154,0.05923616,0.06304683,0.07315903,0.05639378,0.05442445,0.03840363,0.047624648,0.040742982,0.06269906,0.05014972,0.05822121,0.07153918,0.04818457,0.059051383,0.09917000143003064,782.01,268.0,1.4038749,1501427,19.254627,19.517393,19.286972,19.321495,19.437878,19.500223,19.648981,19.388704,19.353159,19.004498,19.219696,19.06363,19.494692,19.271358,19.420595,19.62659,19.231384,19.434753,1.612793,164.6
0.048720084,0.066420324,0.046574146,0.064863265,0.047996964,0.06738424,0.048523385,0.039228637,0.06530545,0.046408582,0.034781173,0.030345244,0.07106871,0.031730168,0.064252034,0.09915437,0.06559018,0.061653066,0.09914222921348315,763.44,227.27272727272728,1.3869766,1516532,19.204834,19.514746,19.159788,19.491024,19.18988,19.529154,19.200788,18.98815,19.497818,19.156227,18.867819,18.731382,19.58239,18.77601,19.481556,19.91542,19.502169,19.440266,1.8290607,155.2
0.044248123,0.05916989,0.054983404,0.051245965,0.06273676,0.07088925,0.09215103,0.057430096,0.056551266,0.052896995,0.043118052,0.04438853,0.050658595,0.03685586,0.048207562,0.083743945,0.04744488,0.043279793,0.09911357078651685,763.96,227.27272727272728,1.4245952,1532119,19.0048,19.2954,19.22202,19.151625,19.353935,19.476107,19.738417,19.265556,19.250135,19.183334,18.97893,19.007969,19.140097,18.822002,19.090504,19.642752,19.074556,18.982674,1.7434038,154.8
0.048659023,0.067508824,0.058876853,0.045629468,0.0669896,0.06505673,0.058544498,0.04838194,0.045100708,0.06482053,0.0529992,0.04677734,0.0521821,0.052646972,0.05971262,0.05712203,0.046574805,0.062416766,0.09908609274770173,760.76,227.27272727272728,1.3959455,1547064,18.880257,19.207678,19.070868,18.815973,19.199957,19.17068,19.065207,18.874546,18.804317,19.167042,18.965696,18.840818,18.95016,18.959028,19.084963,19.04061,18.83648,19.129253,1.6521546,156.8
0.051481508,0.082051426,0.051432434,0.055587012,0.058648128,0.04109775,0.049291153,0.072638094,0.044647787,0.04389066,0.06488277,0.045997277,0.051753532,0.0406781,0.067289285,0.054348867,0.056536198,0.067748,0.0990577671092952,770.42,227.27272727272728,1.4230287,1562470,18.833263,19.299387,18.83231,18.90999,18.963596,18.607994,18.789785,19.17753,18.690845,18.673742,19.064623,18.720623,18.838533,18.59773,19.101042,18.887465,18.926922,19.107836,1.7440772,161.2
0.04862869,0.059486534,0.058000237,0.06514528,0.05027282,0.081849,0.046213694,0.046570554,0.064527206,0.050664607,0.05310952,0.04550633,0.04667905,0.046226036,0.05006909,0.069797695,0.056845114,0.06040856,0.09902966762002043,763.26,227.27272727272728,1.3488988,1577753,18.909405,19.11094,19.085638,19.20181,18.942656,19.430067,18.858467,18.86616,19.192278,18.950418,18.997547,18.843042,18.868486,18.858734,18.938595,19.270792,19.065521,19.126322,1.5327381,161.8
0.051471822,0.06356662,0.0668146,0.06677816,0.06501314,0.07282904,0.06499182,0.044159655,0.060963627,0.04310972,0.04855533,0.039816774,0.04626735,0.036333054,0.055483136,0.06566229,0.047160823,0.061023075,0.09899867967313586,780.75,227.27272727272728,1.3989643,1594607,18.793358,19.004412,19.054245,19.0537,19.026913,19.140438,19.026585,18.640135,18.9626,18.616072,18.735027,18.536612,18.68676,18.445051,18.868402,19.036848,18.705887,18.963575,1.7240307,166.8
0.05061435,0.08192471,0.058909863,0.08217322,0.06294181,0.073871344,0.0518434,0.050556358,0.05648561,0.040849436,0.047987744,0.043203905,0.049823754,0.037748363,0.044880163,0.047699567,0.071009144,0.047477275,0.09896886659856997,787.03,243.33333333333334,1.3555909,1610822,18.984339,19.465904,19.136112,19.468933,19.202314,19.362429,19.008331,18.983192,19.09409,18.769997,18.93105,18.826035,18.968596,18.691046,18.8641,18.925026,19.322912,18.920355,1.6044873,174.2
0.060937285,0.0684003,0.05492398,0.056092035,0.04176556,0.05065203,0.072333634,0.05781279,0.065722235,0.040911518,0.059949648,0.04355631,0.046817247,0.037606876,0.055945333,0.06582611,0.071144186,0.049602933,0.09893297875383045,832.77,243.33333333333334,1.4132189,1630341,18.727106,18.842638,18.62321,18.644255,18.349333,18.54224,18.89855,18.67447,18.802698,18.328672,18.710766,18.391315,18.463512,18.244448,18.641636,18.804277,18.88197,18.52131,1.6444604,192.4
0.047468703,0.05828225,0.054514766,0.05968417,0.054156188,0.07120244,0.04807398,0.060896054,0.05910258,0.051229175,0.04657597,0.038821235,0.065324955,0.04205438,0.07290208,0.059467703,0.05774404,0.05249929,0.09890645127681308,822.99,243.33333333333334,1.3591496,1644769,18.268984,18.47421,18.407385,18.49798,18.400785,18.67444,18.281654,18.518082,18.488188,18.345222,18.249998,18.06788,18.588287,18.147877,18.69803,18.494347,18.464933,18.369713,1.6247879,192.8
0.0423016,0.05266598,0.06598515,0.065523125,0.052004077,0.058091916,0.058282472,0.044928674,0.0631629,0.04229458,0.03871247,0.037740182,0.0684682,0.040571794,0.059832465,0.07745009,0.055299483,0.07668484,0.0988759064351379,836.29,243.33333333333334,1.4113613,1661382,17.89921,18.118355,18.343815,18.336788,18.105707,18.216412,18.219687,17.959461,18.300102,17.899044,17.810547,17.78511,18.380754,17.857458,18.245934,18.504019,18.167149,18.49409,1.7787519,199.2
0.043801405,0.05564564,0.049162965,0.06118803,0.046805985,0.062228344,0.054753687,0.072252944,0.0686062,0.05263813,0.04150056,0.04174237,0.050209265,0.046700135,0.07292764,0.062185396,0.06445682,0.053194452,0.09884678283963227,826.15,243.33333333333334,1.3524628,1677222,17.548004,17.787342,17.663479,17.88229,17.61435,17.899149,17.771183,18.048512,17.996721,17.73178,17.494045,17.499855,17.684538,17.612085,18.057806,17.898458,17.934334,17.742292,1.8953958,203.2
0.055151865,0.052930593,0.0562183,0.060704906,0.046962474,0.0455103,0.06738557,0.047278564,0.046549123,0.0667363,0.08388621,0.051424257,0.05163931,0.050154414,0.058971923,0.059514306,0.05019174,0.048789762,0.09881709662921348,825.46,243.33333333333334,1.3596716,1693368,17.545612,17.504503,17.564764,17.641546,17.38487,17.35346,17.745953,17.391579,17.37603,17.73627,17.964983,17.475632,17.479805,17.450628,17.612583,17.621738,17.451372,17.423042,1.7173446,198.8
0.057600252,0.049762797,0.051319234,0.05732603,0.04976584,0.054112907,0.064788766,0.058754917,0.059385967,0.053020235,0.043761242,0.061088335,0.06650291,0.039788567,0.06923444,0.06305647,0.057141434,0.043589722,0.09879008375893769,777.19,150.66666666666666,1.3750321,1708060,17.518694,17.372435,17.403233,17.513922,17.372496,17.45624,17.6363,17.538542,17.549225,17.43584,17.243916,17.577488,17.662413,17.148746,17.702665,17.609198,17.510696,17.239988,1.5818276,177.8
0.055722397,0.049824867,0.068145655,0.059205297,0.045773003,0.056915462,0.046495236,0.05792842,0.048213873,0.058516424,0.07064732,0.061616164,0.05154118,0.050913606,0.045883752,0.06199492,0.058054738,0.05260769,0.09875845413687437,804.94,150.66666666666666,1.339659,1725263,17.304482,17.192614,17.505747,17.36511,17.107794,17.325666,17.12345,17.343307,17.159746,17.353407,17.5418,17.405024,17.22648,17.21423,17.11021,17.411152,17.345486,17.246962,1.6910644,186.2
0.05243653,0.04142892,0.055160098,0.04921889,0.042331852,0.04273847,0.051303968,0.056984488,0.04704201,0.0564207,0.097150445,0.06581719,0.044158425,0.062428087,0.076467484,0.055908326,0.05323019,0.04977391,0.09873121511746681,786.96,150.66666666666666,1.3357196,1740078,17.229664,16.99404,17.2803,17.166338,17.0156,17.02516,17.207829,17.31284,17.121101,17.302896,17.846321,17.456942,17.057844,17.404076,17.606926,17.293774,17.244686,17.177551,1.5987434,182.6
0.052708384,0.06188288,0.04209121,0.049389113,0.043769017,0.07844259,0.06284277,0.049197033,0.053613935,0.06418829,0.040705107,0.043480206,0.060629837,0.048474878,0.058295026,0.06969925,0.061455667,0.059134826,0.09869987783452502,799.0,150.66666666666666,1.3596905,1757122,17.000713,17.161182,16.775778,16.935669,16.814865,17.398306,17.176575,16.931772,17.017748,17.19776,16.742292,16.808245,17.140726,16.916985,17.101456,17.280128,17.154255,17.115759,1.6647905,181.2
0.06161299,0.049071684,0.048845515,0.04827479,0.056907758,0.056367945,0.060596827,0.054279704,0.05308992,0.06656821,0.041094642,0.05332668,0.0623017,0.04365933,0.06284605,0.07357194,0.058558296,0.04902603,0.09867063840653728,796.57,150.66666666666666,1.3697437,1773025,16.987684,16.760094,16.755474,16.743721,16.908243,16.898712,16.971054,16.860962,16.838799,17.065039,16.58269,16.843248,16.9988,16.643229,17.0075,17.165075,16.936834,16.759163,1.4503181,182.8
0.053896725,0.05035613,0.05196502,0.051027223,0.04993958,0.06439973,0.058961846,0.055900034,0.058401883,0.05331953,0.052889667,0.041497745,0.056432996,0.037831575,0.07208493,0.070958026,0.06685548,0.05328192,0.09864119673135853,809.78,150.66666666666666,1.3673283,1789038,17.127733,17.059784,17.091234,17.073023,17.051477,17.305773,17.217554,17.164228,17.208012,17.116966,17.108871,16.866302,17.173717,16.773808,17.418509,17.402752,17.343197,17.11626,1.6585927,191.8
0.04628466,0.053407717,0.055597663,0.064954035,0.048361614,0.062008653,0.05640872,0.074245796,0.049534075,0.053774986,0.048256386,0.046290405,0.05904123,0.03924931,0.05115561,0.059001718,0.058739416,0.0736881,0.09861108028600613,801.55,150.66666666666666,1.3502213,1805418,16.904936,17.04808,17.088266,17.243805,16.948832,17.1974,17.102749,17.377506,16.972786,17.054934,16.946653,16.90506,17.148361,16.740059,17.004997,17.147692,17.143236,17.369967,1.7876005,183.8
0.052009754,0.053187612,0.053646293,0.046049535,0.06511464,0.061226856,0.05421782,0.06461284,0.058485955,0.05587969,0.056637686,0.04492167,0.054122042,0.05316844,0.0439174,0.066680536,0.05233595,0.06378534,0.09858309479060266,805.61,29.09090909090909,1.3168858,1820639,16.815847,16.838242,16.846828,16.694134,17.040565,16.979002,16.857426,17.03283,16.933203,16.887617,16.90109,16.669336,16.855658,16.837881,16.646727,17.06433,16.8221,17.01994,1.5237917,176.2
0.046936125,0.06590597,0.06497596,0.03596385,0.04465183,0.056793477,0.060414035,0.054735597,0.059879556,0.051833004,0.06776215,0.052876286,0.050503723,0.04797281,0.057899825,0.058708724,0.04672515,0.0754619,0.09855402451481103,793.28,29.09090909090909,1.3145113,1836450,16.57818,16.917622,16.90341,16.311907,16.528288,16.768814,16.830614,16.731907,16.821728,16.67742,16.945396,16.697348,16.65144,16.600027,16.788107,16.801981,16.573675,17.05302,1.7751297,170.4
0.04956718,0.053778097,0.06562829,0.06275878,0.050494798,0.058194365,0.060878508,0.052180115,0.047920812,0.050731797,0.07616646,0.033966817,0.055682812,0.047337227,0.060630407,0.06681173,0.0591488,0.048123054,0.09852158038815118,810.71,29.09090909090909,1.3178653,1854096,16.527643,16.60918,16.808321,16.763613,16.546185,16.688103,16.733194,16.579016,16.493864,16.550867,16.957235,16.149698,16.643986,16.481611,16.72911,16.826193,16.70437,16.498075,1.7813776,177.4
0.04870803,0.062742956,0.062556304,0.06298228,0.05381881,0.05263712,0.06375156,0.05570032,0.060383983,0.038311448,0.054353286,0.029652547,0.05524999,0.027223216,0.08250805,0.06809865,0.06344697,0.05787444,0.09849218835546476,810.44,29.09090909090909,1.3755363,1870082,16.66264,16.915842,16.912863,16.91965,16.762419,16.740217,16.93179,16.796782,16.87752,16.422544,16.7723,16.166344,16.788664,16.080866,17.189692,16.997753,16.927,16.835072,1.5360452,174.2
0.047737636,0.06857183,0.052633435,0.07219664,0.06037193,0.04385961,0.066409506,0.046707284,0.06363558,0.03982266,0.05572926,0.032799117,0.0540566,0.03874659,0.08065432,0.062242378,0.06370894,0.05011667,0.09846166373850869,812.66,29.09090909090909,1.3272177,1886684,16.705435,17.067596,16.803066,17.119108,16.940239,16.620708,17.035555,16.683615,16.992887,16.52415,16.86022,16.330116,16.829746,16.496758,17.229887,16.97075,16.99404,16.754068,1.6767404,178.4
0.04650004,0.069555365,0.053428095,0.06246115,0.053205993,0.06130014,0.0693335,0.050144643,0.062736124,0.048992198,0.044014353,0.034745775,0.045322645,0.035914697,0.08194609,0.07338318,0.054995228,0.052020784,0.09843202349336057,821.66,29.09090909090909,1.289652,1902805,16.646084,17.048754,16.784967,16.941175,16.780802,16.922413,17.045559,16.721542,16.945568,16.698292,16.591146,16.354689,16.620438,16.387777,17.212692,17.102325,16.813877,16.758274,1.5440575,186.8
0.051381595,0.056139845,0.054069135,0.055275276,0.057560682,0.05429287,0.05433161,0.054099772,0.05907514,0.048340864,0.054832675,0.041166432,0.05923581,0.048407026,0.05426336,0.083676375,0.06448519,0.049366374,0.09840484882533197,811.35,186.66666666666666,1.2953604,1917585,16.775341,16.863907,16.826324,16.848387,16.8889,16.830454,16.831167,16.82689,16.914871,16.714338,16.840347,16.553684,16.917587,16.715706,16.82991,17.263018,17.002497,16.73533,1.4788675,183.4
0.046221264,0.06546351,0.060958218,0.06543817,0.06038021,0.057591576,0.06523156,0.06038631,0.05578678,0.048616167,0.043265026,0.026813468,0.04032982,0.04302843,0.06796153,0.074899696,0.052925564,0.06470269,0.09837676772216547,787.62,186.66666666666666,1.2576189,1932858,16.2709,16.618954,16.54765,16.618567,16.538122,16.490837,16.615404,16.538223,16.458998,16.321417,16.204805,15.726365,16.134552,16.199322,16.656403,16.75361,16.406347,16.607264,1.5067453,169.0
0.047063928,0.064534366,0.05131642,0.07403461,0.050687328,0.062414657,0.06560054,0.047821764,0.055216853,0.04418659,0.057846684,0.03635861,0.05704879,0.040857963,0.067687824,0.05842016,0.061950564,0.056952354,0.09834823983656793,782.92,186.66666666666666,1.2876327,1948374,16.316597,16.632288,16.403101,16.769623,16.390766,16.59889,16.648674,16.332571,16.476358,16.253511,16.522886,16.058521,16.508997,16.175192,16.679996,16.532751,16.591427,16.507305,1.8592218,166.8
0.0444364,0.07477295,0.056882307,0.05616987,0.05344505,0.054224078,0.054478996,0.058637142,0.052742664,0.0517393,0.05527668,0.036886387,0.061813146,0.04426012,0.04746561,0.06350971,0.059719916,0.07353974,0.09832420367722165,747.63,186.66666666666666,1.2900815,1961447,16.224873,16.74527,16.471798,16.459194,16.409468,16.423939,16.428629,16.502182,16.396238,16.377031,16.443165,16.038656,16.55493,16.220898,16.29082,16.582006,16.52048,16.72864,1.4902468,151.4
0.050314244,0.05262292,0.061160963,0.05817216,0.066259675,0.06360437,0.052598596,0.048403766,0.06269584,0.053468794,0.06086433,0.03804552,0.041654687,0.045341957,0.06404286,0.07689923,0.04628981,0.057560265,0.0982961317671093,739.1,186.66666666666666,1.289311,1976715,15.946735,15.991599,16.141956,16.091854,16.222029,16.18113,15.991137,15.908025,16.166742,16.007545,16.137094,15.667231,15.757861,15.84268,16.188,16.370943,15.863369,16.08128,1.6332277,147.4
0.038138423,0.065371804,0.0551225,0.07857825,0.049251482,0.06790556,0.06371804,0.03552523,0.055377092,0.045972183,0.035352558,0.028396016,0.058092117,0.03625666,0.07431485,0.07973199,0.07168632,0.061208826,0.09826789254341164,744.89,186.66666666666666,1.2702153,1992074,15.582065,16.120934,15.9504,16.304937,15.837782,16.15896,16.09531,15.5110855,15.9550085,15.768879,15.506213,15.287091,16.002872,15.531466,16.249153,16.319513,16.213142,16.055134,1.4580644,151.8
0.038305733,0.07099027,0.055954464,0.06836953,0.061744805,0.054028094,0.07024544,0.045436807,0.061733037,0.044035465,0.0409381,0.023750843,0.05757412,0.029357396,0.069976315,0.0749751,0.073879905,0.05870457,0.0982408153217569,739.43,186.66666666666666,1.3655678,2006801,15.395752,16.012695,15.774691,15.97508,15.873162,15.739656,16.002148,15.566475,15.872972,15.535148,15.4622135,14.91777,15.8032255,15.129697,15.998309,16.067308,16.052593,15.82267,1.73478,150.4
0.059068605,0.055452053,0.09062971,0.04741315,0.04606313,0.07121414,0.058136366,0.05765771,0.055197004,0.05298543,0.053737413,0.04316518,0.056295168,0.038176715,0.035534862,0.06559153,0.061342373,0.05233948,0.09821242900919305,738.66,188.33333333333334,1.2786307,2022240,15.833734,15.770553,16.261816,15.613934,15.585047,16.020725,15.817825,15.809558,15.765943,15.725051,15.739143,15.520068,15.785643,15.39726,15.325548,15.93848,15.871505,15.712785,1.6947843,147.2
