action_prob 0,action_prob 1,action_prob 2,action_prob 3,action_prob 4,action_prob 5,action_prob 6,action_prob 7,action_prob 8,current_exploration,episode_length,evaluation_reward,expert_loss,frame_number,q_val_action 0,q_val_action 1,q_val_action 2,q_val_action 3,q_val_action 4,q_val_action 5,q_val_action 6,q_val_action 7,q_val_action 8,td_loss,training_reward
0.007214549,0.015086671,0.027872529,0.01067907,0.013226491,0.007070771,0.0073760157,0.007982142,0.019172257,1.0,307.75,0.0,0,6155,-0.37575102,0.043339536,0.4996228,0.08638088,0.29699206,-0.256007,-0.017135248,-0.17695197,0.08245933,0,265.0
0.007214549,0.015086671,0.027872529,0.01067907,0.013226491,0.007070771,0.0073760157,0.007982142,0.019172257,1.0,300.125,0.0,0,12005,-0.37575102,0.043339536,0.4996228,0.08638088,0.29699206,-0.256007,-0.017135248,-0.17695197,0.08245933,0,256.25
0.007214549,0.015086671,0.027872529,0.01067907,0.013226491,0.007070771,0.0073760157,0.007982142,0.019172257,1.0,297.35,0.0,0,17841,-0.37575102,0.043339536,0.4996228,0.08638088,0.29699206,-0.256007,-0.017135248,-0.17695197,0.08245933,0,252.5
0.007214549,0.015086671,0.027872529,0.01067907,0.013226491,0.007070771,0.0073760157,0.007982142,0.019172257,1.0,303.825,0.0,0,24306,-0.37575102,0.043339536,0.4996228,0.08638088,0.29699206,-0.256007,-0.017135248,-0.17695197,0.08245933,0,262.5
0.007214549,0.015086671,0.027872529,0.01067907,0.013226491,0.007070771,0.0073760157,0.007982142,0.019172257,1.0,308.27,0.0,0,30827,-0.37575102,0.043339536,0.4996228,0.08638088,0.29699206,-0.256007,-0.017135248,-0.17695197,0.08245933,0,278.0
0.007214549,0.015086671,0.027872529,0.01067907,0.013226491,0.007070771,0.0073760157,0.007982142,0.019172257,1.0,305.79,0.0,0,36734,-0.37575102,0.043339536,0.4996228,0.08638088,0.29699206,-0.256007,-0.017135248,-0.17695197,0.08245933,0,276.5
0.007214549,0.015086671,0.027872529,0.01067907,0.013226491,0.007070771,0.0073760157,0.007982142,0.019172257,1.0,311.96,0.0,0,43201,-0.37575102,0.043339536,0.4996228,0.08638088,0.29699206,-0.256007,-0.017135248,-0.17695197,0.08245933,0,291.0
0.007214549,0.015086671,0.027872529,0.01067907,0.013226491,0.007070771,0.0073760157,0.007982142,0.019172257,1.0,316.33,0.0,0,49474,-0.37575102,0.043339536,0.4996228,0.08638088,0.29699206,-0.256007,-0.017135248,-0.17695197,0.08245933,0,293.0
0.0002131953,0.009892898,0.0043131383,0.0002140712,0.0011903724,0.00022777691,0.10264155,0.0010327189,0.00047530996,0.9953911,308.15,0.0,0.5481228,55121,0.22394207,0.23816757,0.15654716,0.2748384,0.29608664,0.32206538,0.38996264,0.28812137,0.36421248,4.4654613,280.0
0.00013730035,0.008156002,0.0054904674,0.0001302084,0.0021315985,0.00011815264,0.11122223,0.0013101124,0.00087181566,0.9898003,305.06,0.0,0.33904544,61333,0.49540713,0.422642,0.35986912,0.5112512,0.5962874,0.4234286,0.6819107,0.29790235,0.53274226,4.387232,268.0
0.00030160786,0.0019796628,0.0013378058,0.00030481315,0.0001655106,0.00037725238,0.11786028,0.0005536995,0.00048144013,0.9847368999999999,302.25,0.0,0.13906857,66959,0.55126876,0.5552644,0.327675,0.6397495,0.7223783,0.8014985,0.7987149,0.7803307,0.85384566,6.910407,261.5
5.8418926e-05,0.0007415518,0.00012227004,6.0808576e-05,6.0156886e-05,6.0998784e-05,0.15070806,0.00029706804,9.907764e-05,0.9795987999999999,294.67,0.0,0.07961497,72668,0.8419678,0.7506114,0.5806176,0.87995106,1.035114,0.8867181,1.2686666,0.85004,1.2391382,2.5900626,249.0
6.1084625e-05,0.00017514029,1.7085535e-05,8.021882e-05,7.6993376e-05,4.5821376e-05,0.15948944,7.867227e-05,0.000106854844,0.9744624999999999,289.01,0.0,-0.035887137,78375,0.9858534,1.1946422,0.66506183,1.212142,1.3898541,0.70472574,1.4584725,0.6987446,1.1505728,4.64611,247.0
0.000116616895,2.0791966e-05,1.36090135e-08,6.0511178e-05,1.8998442e-06,5.2127285e-05,0.1370317,1.1028998e-06,6.166814e-05,0.9685459,298.28,0.0,-0.008742457,84949,2.3747976,2.8073661,1.3875216,1.7035094,1.4062535,1.583845,2.260252,1.934219,2.0110383,7.782229,268.0
1.428066e-05,1.1891665e-06,3.8644117e-08,1.4991557e-05,9.187158e-08,9.706579e-06,0.21765989,1.7133864e-06,1.3725546e-05,0.9628983999999999,298.91,0.0,0.00018355847,91224,1.8649192,1.8782222,1.2044451,1.8333142,1.7220527,1.4457169,2.5012567,1.465821,1.9536611,7.864454,272.0
1.4352643e-06,1.2979895e-08,3.110887e-10,2.3301786e-06,9.550369e-10,9.327441e-07,0.07878563,3.0572969e-09,2.0456555e-06,0.9578142999999999,299.14,0.0,-0.01865612,96873,1.6037468,1.358194,1.2195709,2.0151844,1.7106276,1.1164998,1.1794498,1.524831,1.6291575,5.1435266,282.5
0.00030957526,3.853658e-07,6.43114e-10,0.0003090858,3.1908043e-10,0.00017527453,0.12169654,1.4089346e-07,0.00023916864,0.9521415999999999,305.08,177.27272727272728,-0.082019836,103176,2.1568336,1.9851557,1.5705951,2.128053,2.015226,1.601989,2.0584424,1.9983664,1.9429148,9.334622,283.0
0.0003118096,2.5064385e-06,7.571426e-12,0.00026315762,2.1826478e-09,0.00032700627,0.0826516,2.6848665e-10,0.0005827478,0.9467136999999999,308.32,177.27272727272728,-0.056196485,109207,1.8632253,2.0111291,1.53181,1.6694779,1.330286,1.9405315,1.6180897,1.9004025,2.6393306,6.6706543,290.5
0.0030217818,9.572796e-06,4.3537776e-10,0.002185653,5.3371436e-09,0.0031565116,0.33216915,8.6399525e-12,0.002340171,0.9409348,306.79,177.27272727272728,0.03994397,115628,2.7073908,2.7592604,2.3051748,2.385245,2.4915612,2.7932832,4.145625,2.2472026,2.5613883,7.8368464,283.0
0.00047555615,3.0865976e-05,8.025276e-14,0.00023813377,1.1891351e-11,0.00031411627,0.15351412,5.332726e-13,0.00050146884,0.9354015999999999,305.52,177.27272727272728,-0.0047467155,121776,2.2951703,2.1648502,2.2217073,1.571628,2.594574,1.9527751,2.656907,2.2017787,2.7021296,9.893606,275.0
0.028696638,0.00021422878,6.6007494e-10,0.029047202,2.4131668e-13,0.026223753,0.009669181,9.893901e-17,0.013309875,0.9294300999999999,315.38,177.27272727272728,0.014114886,128411,2.2040346,1.9653145,2.129497,2.1509798,2.5554624,2.0748672,1.7181116,2.0007296,2.4041426,2.8037095,283.0
6.132615e-07,2.7195833e-06,7.397296e-08,5.935184e-07,6.2631954e-15,2.8909582e-07,0.09791207,3.6467195e-15,6.8909756e-08,0.9237304,315.68,177.27272727272728,0.03759715,134744,1.5704689,1.3626955,1.0024183,1.4457324,1.1878911,0.79484767,1.0608301,1.1201693,0.8624083,8.499701,292.0
0.035853863,0.00075487996,1.548806e-17,0.03457044,1.9162603e-19,0.027858105,3.3922744e-05,4.2592014e-21,0.012418889,0.9179226999999999,319.9,177.27272727272728,-0.00278666,141197,3.6324127,3.2873936,3.9278917,3.5121248,3.3705776,3.3521712,2.9467824,3.4976995,3.935404,3.9393723,302.5
0.01772615,0.059407074,8.292886e-12,0.019327715,4.402161e-16,0.009598451,4.632751e-05,3.732297e-17,0.008400695,0.9126783999999999,313.96,177.27272727272728,0.011967439,147024,3.3361576,3.8595865,3.5118356,3.3771436,3.7128532,2.691459,3.6703808,3.2064543,3.3641028,5.46907,294.0
0.034041084,0.02054416,1.3356989e-21,0.022705164,2.2553433e-21,0.02326267,2.0182435e-08,5.2492505e-13,0.025813429,0.9073773999999999,311.38,177.27272727272728,0.08221726,152914,5.984317,5.5569277,5.964829,5.58076,5.3081384,5.652066,4.897615,4.9567695,6.363632,6.395046,288.0
0.028321441,0.00017108124,7.764749e-20,0.0129192285,3.8397264e-17,0.026098736,3.3574696e-07,1.1617867e-12,0.009657606,0.9016173999999999,309.03,177.27272727272728,0.02689165,159314,4.0931363,3.6828082,4.549864,3.2637126,3.39037,4.01013,2.8176298,5.4844837,4.082519,9.691282,279.5
0.020767476,2.8756877e-10,1.1780755e-22,0.040218897,2.7117153e-25,0.009705874,2.9339428e-10,1.6093752e-13,0.027667675,0.8960940999999999,307.07,177.27272727272728,0.08560462,165451,6.8171916,6.55356,7.8209424,7.476254,7.7763586,6.0743513,6.2685804,6.9199843,7.7058215,5.386919,274.0
0.047149472,2.7119133e-17,1.2252869e-36,0.017558238,0.0,0.02182869,2.2852373e-21,2.0743069e-23,0.010606523,0.8904357999999999,305.41,177.27272727272728,-0.0016902286,171738,12.977804,11.709347,13.237368,11.960967,12.062614,12.202438,11.971849,13.200821,11.925808,3.8318696,264.5
0.0030057551,1.1780456e-29,0.0,0.022995353,0.0,0.0029085306,2.1663971e-26,0.0,0.0016856994,0.8847126999999999,310.73,177.27272727272728,0.1290677,178097,20.482983,20.390547,23.390476,22.50721,21.5835,20.4372,20.215357,24.670687,21.131014,17.001095,279.0
0.036379226,2.4743096e-17,2.0362038e-33,0.029075308,0.0,0.019435665,1.703867e-19,3.468311e-27,0.068794176,0.8794530999999999,310.27,177.27272727272728,0.11104158,183941,12.967836,11.193778,12.555728,12.651366,11.485135,12.280821,11.793443,12.880023,13.888771,6.0322065,284.0
0.02327674,2.1184798e-15,1.8166826e-31,0.034858752,0.0,0.042027112,4.6381972e-24,2.8296175e-27,0.026657635,0.8737101999999999,310.08,177.27272727272728,0.10305402,190322,13.5325,12.590302,14.338906,13.881327,13.036855,14.091458,13.3468075,13.932344,14.253071,3.9242463,286.0
0.018991174,1.2353472e-20,1.060257e-32,0.02203385,0.0,0.02745477,2.7270053e-26,5.3821926e-33,0.01579528,0.8679583,312.62,177.27272727272728,0.041803494,196713,11.556244,11.821006,12.228573,11.602299,12.533377,11.841409,11.631015,12.228047,11.729013,3.459388,295.0
0.041945186,6.914494e-22,0.0,0.009339762,0.0,0.032072097,8.920819e-30,0.0,0.007919225,0.8618526999999999,317.59,179.6875,0.032312177,203497,17.940197,17.430817,18.256271,16.398869,16.578556,17.620543,14.634388,18.175674,16.14548,4.4596586,306.0
0.008716844,5.9803264e-27,0.0,0.0076679788,0.0,0.01585299,2.5460427e-30,0.0,0.0069320803,0.8560062999999999,318.96,179.6875,0.16994387,209993,15.886713,17.74402,17.20909,15.654589,17.637527,16.4099,13.089447,17.523573,15.343651,10.401468,297.5
0.030740814,2.275376e-31,0.0,0.007422284,0.0,0.010556783,1.7763208e-32,0.0,0.004140929,0.8507952999999999,318.42,179.6875,0.11477709,215783,19.36263,19.57366,20.556417,17.905958,18.532448,18.264114,18.217344,18.721226,17.112202,5.499907,297.0
0.011488661,2.4146156e-26,0.0,0.019579172,0.0,0.029240513,3.692417e-27,0.0,0.0639148,0.8452341999999999,316.4,179.6875,0.11879569,221962,17.201086,18.709602,17.556181,17.65467,17.163565,18.072018,17.77479,17.775473,18.911097,5.310046,291.5
0.04949904,9.962644e-32,0.0,0.008934029,0.0,0.02970077,1.3819758e-28,0.0,0.010336433,0.83971,313.87,179.6875,0.08953095,228100,18.01534,16.518724,17.486547,16.234598,16.434252,17.443754,18.353796,17.514545,16.53719,3.2992775,285.0
0.020229615,1.9803356e-26,0.0,0.034803763,0.0,0.012146564,4.9781124e-35,0.0,0.02852855,0.8341588,307.71,179.6875,0.07849588,234268,19.06093,19.281445,19.355494,19.561417,19.516888,18.495295,19.912657,18.888117,19.356714,4.0241055,280.0
0.013297833,1.03967525e-33,0.0,0.042632602,0.0,0.01302107,0.0,0.0,0.0051839505,0.8287623999999999,302.71,179.6875,0.28723365,240264,22.274248,23.398392,23.150875,23.32256,23.462936,22.152607,22.017262,20.686157,20.695023,12.532341,275.0
0.008065196,6.3673717e-35,0.0,0.012569747,0.0,0.0019364776,7.389842e-36,0.0,0.004990021,0.8233299999999999,305.17,179.6875,0.18900406,246300,23.001755,23.373165,21.330545,23.356073,22.412197,21.499918,23.509325,26.093943,22.43541,11.725994,279.0
0.029194526,0.0,1.5555793e-34,0.035551753,0.0,0.019357782,1.0121597e-15,4.4247988e-32,0.09059155,0.8177823999999999,305.02,179.6875,0.21876247,252464,24.799965,23.551542,24.599655,24.880045,24.179375,24.309565,24.341198,23.07703,25.391832,3.4944317,284.0
0.01611567,7.403818e-30,2.6139829e-27,0.032592755,0.0,0.012945673,1.2684792e-15,1.4447676e-28,0.057143077,0.8121862,305.82,179.6875,0.19519486,258682,23.927197,24.121101,23.685982,24.54252,24.40498,23.657892,25.003479,23.726143,25.592033,5.426793,288.0
0.017017778,3.311849e-35,2.8927926e-27,0.017087251,0.0,0.057899114,2.5189678e-17,3.8705968e-25,0.024701197,0.8070274,301.46,179.6875,0.20497464,264414,24.778091,25.34313,25.23026,24.676762,24.455082,25.954458,24.743696,25.513588,24.963345,6.31022,268.0
0.004075981,0.0,9.073092e-29,0.005779739,0.0,0.021089418,1.305029e-16,4.251817e-32,0.0042522205,0.8013627999999999,304.44,179.6875,0.7037885,270708,26.633808,25.46932,30.503756,26.939735,28.127966,28.216127,25.540087,27.304129,26.964941,12.626615,274.0
0.023590684,0.0,3.8759007e-25,0.016214397,0.0,0.028006297,2.0731202e-18,4.1238328e-27,0.011520471,0.7955245,308.95,179.6875,0.121127844,277195,23.315388,22.872911,24.46123,22.867487,23.668911,23.418217,23.272175,22.90762,22.524176,6.1268134,282.0
0.028090132,0.0,2.7213513e-26,0.020906609,0.0,0.031980477,2.6329013e-17,2.732806e-29,0.015197978,0.7897447,311.53,179.6875,0.10338688,283617,21.293762,21.14608,21.080093,20.954025,21.863775,21.367203,20.88779,21.123976,20.452234,4.816954,288.5
0.026168365,1.0652628e-36,1.8024357e-28,0.018751873,0.0,0.053867154,4.3609723e-17,1.4494977e-31,0.024786253,0.7845066999999999,307.55,179.6875,0.1447178,289437,21.801197,21.348866,22.0402,21.42066,21.91033,22.476894,21.836779,21.569132,21.841745,4.4510627,278.0
0.013517567,0.0,1.6349656e-27,0.044026244,0.0,0.024293805,6.444091e-20,5.5111113e-32,0.015828194,0.7787449,314.25,179.6875,0.0749165,295839,22.01825,23.248037,22.353792,23.168253,22.553617,22.574451,23.018665,23.211842,23.080326,3.8603418,296.0
0.014336139,0.0,6.590534e-33,0.019992027,0.0,0.019246584,1.3941249e-25,5.5466982e-36,0.055232838,0.7728048999999999,317.31,253.2258064516129,0.038487032,302439,24.673594,24.804888,25.84654,24.957254,24.878025,24.92088,24.205362,25.578236,26.571356,4.673048,302.5
0.021474626,0.0,1.6334262e-32,0.015389374,0.0,0.018105157,4.515628e-25,0.0,0.009470726,0.7674112,312.37,253.2258064516129,0.14044458,308432,23.795738,24.202894,24.188475,23.419529,24.810112,23.57477,23.26496,24.583035,23.014425,8.723781,294.0
0.014548383,0.0,4.7785656e-31,0.024320966,0.0,0.035779275,8.902805e-25,0.0,0.054581966,0.761644,312.23,253.2258064516129,0.18909745,314840,25.173058,25.730375,26.643541,25.61948,24.997297,26.027079,24.61165,24.546362,26.5564,3.1964228,293.0
0.01902632,0.0,2.2926191e-32,0.011306315,0.0,0.012967056,1.2642862e-19,4.6410722e-38,0.015176975,0.7565814999999999,310.28,253.2258064516129,0.057476636,320465,26.920935,26.276548,27.0177,26.345472,25.718279,26.49808,28.124014,28.579063,27.066633,7.17947,283.0
0.021686653,0.0,2.581333e-29,0.01089409,0.0,0.029813096,8.1737886e-24,7.2614847e-37,0.011492217,0.7507143999999999,311.45,253.2258064516129,0.12267089,326984,26.532948,25.95791,27.09622,25.758236,26.410528,26.800638,27.971584,26.506006,26.197512,5.710088,280.5
0.041940745,0.0,5.7250064e-31,0.024106234,0.0,0.033567216,1.481216e-20,7.883405e-34,0.014897437,0.7450633,308.24,253.2258064516129,0.105620496,333263,27.454126,27.229195,27.107365,26.859835,26.914412,27.184933,26.843304,27.39152,26.964636,4.20434,274.5
0.009445496,0.0,3.1063462e-25,0.030088803,0.0,0.04326008,2.9816155e-15,2.691313e-30,0.008950579,0.7392699999999999,312.68,253.2258064516129,0.15434971,339700,26.098366,27.467972,27.010052,27.21621,27.676092,27.583567,26.894907,27.418222,26.179525,3.5225658,281.5
0.033456746,0.0,1.3408686e-32,0.020970145,0.0,0.020830981,4.6709427e-17,1.6059592e-27,0.0214086,0.7336251999999999,311.32,253.2258064516129,0.13978793,345972,25.12247,24.758059,25.025846,24.638006,25.561934,24.582169,23.867887,25.363241,24.924278,8.674731,273.5
0.074500345,0.0,5.2089313e-37,0.021591201,0.0,0.015727647,3.3783026e-12,0.0,0.018014338,0.7277526999999999,320.32,253.2258064516129,0.25391936,352497,32.649673,31.195255,31.195057,31.408707,31.83833,31.089476,32.340256,30.58499,31.575039,6.6743464,291.5
0.0055981623,0.0,3.7176645e-31,0.0037943271,0.0,0.057071853,2.0255328e-15,6.138995e-32,0.003982607,0.7219260999999999,319.87,253.2258064516129,0.34793648,358971,26.675543,25.861975,25.251184,26.210081,25.82345,28.958704,27.368351,29.893349,26.041409,38.936493,299.5
0.025214557,0.0,1.7081318e-31,0.01909476,0.0,0.07139795,5.9675203e-19,1.5835845e-33,0.0035261714,0.7164891999999998,317.49,253.2258064516129,0.063838676,365012,34.04099,33.61214,31.746145,33.73205,33.43385,35.03851,33.723366,35.269375,32.21094,4.2257724,295.5
0.01999129,0.0,5.3532296e-33,0.028619817,0.0,0.036233533,2.5749118e-20,2.5990555e-38,0.022633748,0.7112106999999999,311.77,253.2258064516129,0.07858623,370877,35.799164,35.97986,36.152924,36.100098,35.795963,36.338226,35.954945,36.59029,35.94606,5.5125804,278.5
0.004326743,0.0,2.874733e-33,0.004999218,0.0,0.011667688,2.0932712e-21,0.0,0.21436611,0.7057989999999998,309.18,253.2258064516129,0.13375485,376890,35.083393,36.52916,35.765213,35.154327,35.214764,35.986275,35.48485,35.859795,38.630245,6.3344245,277.0
0.014628017,0.0,1.3929515e-35,0.00855138,0.0,0.0074030296,1.4203753e-21,2.5519053e-35,0.114064515,0.6998085999999999,310.49,253.2258064516129,0.07835766,383546,38.288017,39.04094,38.32101,37.698414,37.449184,37.529842,38.86364,38.96516,40.11624,4.9275846,287.5
0.031584002,0.0,4.006605e-36,0.01971236,0.0,0.037473325,2.9189386e-24,0.0,0.045079544,0.6943230999999999,306.7,253.2258064516129,0.019733135,389641,40.12518,39.15794,39.57978,39.625866,40.06378,40.216087,39.605824,40.190723,40.463394,4.656185,274.5
0.045019895,0.0,8.132997e-35,0.023683127,0.0,0.027796434,8.3449135e-27,1.7504376e-34,0.03154414,0.6885891999999999,310.0,253.2258064516129,0.10896861,396012,41.24562,39.96167,41.651924,40.54737,39.76298,40.671238,37.91072,40.548542,40.815937,9.288691,289.5
0.019650122,0.0,4.600929e-35,0.034485187,0.0,0.0096169375,2.0796942e-21,6.851753e-36,0.031901985,0.6830721999999999,312.65,209.72222222222223,0.057170697,402142,41.11168,41.303146,41.733562,41.65216,41.409393,40.362637,41.648094,41.589417,41.605045,5.682827,299.0
0.032491308,0.0,2.6311317e-35,0.020499283,0.0,0.02544451,1.9207928e-23,0.0,0.024817854,0.6775632999999999,313.73,209.72222222222223,0.0427773,408263,40.94084,40.667492,40.425423,40.421894,41.06318,40.665432,40.848347,41.07155,40.814056,5.1026177,300.0
0.024641607,0.0,9.546531e-35,0.036673613,0.0,0.032390285,2.192191e-22,0.0,0.045279823,0.6719067999999999,310.02,209.72222222222223,0.20155407,414548,39.410614,37.895756,38.68631,39.76667,39.91454,39.62802,38.137585,39.80011,39.739376,3.8435016,294.0
0.009052964,0.0,9.144011e-31,0.038782906,0.0,0.014112889,1.06527284e-16,7.908761e-34,0.0150807975,0.6669342999999999,304.32,209.72222222222223,0.125188,420073,39.1186,39.594166,39.8421,40.54991,39.98078,39.50088,41.539413,38.92163,39.51542,3.8027265,282.0
0.022716867,0.0,2.3454883e-32,0.031004824,0.0,0.017160283,9.754909e-18,8.638675e-34,0.019143023,0.6611049999999998,305.38,209.72222222222223,0.15379637,426550,40.06861,40.459568,40.684597,40.349678,40.50268,39.678604,39.933228,40.048557,39.871136,4.236502,277.0
0.012167529,0.0,3.1762945e-33,0.040718537,0.0,0.013225476,1.5064117e-21,3.779993e-34,0.017331587,0.6555222999999999,306.11,209.72222222222223,0.20817523,432753,39.1813,40.593983,40.634808,40.372086,40.234173,39.204502,38.310215,39.96239,39.672077,14.001032,277.5
0.016948126,0.0,2.4721807e-33,0.01739497,0.0,0.026745455,7.219688e-21,2.0958937e-36,0.02490764,0.6493572999999999,313.4,209.72222222222223,0.043683615,439603,38.671013,38.8299,38.65403,38.646202,40.1427,39.049805,39.11433,38.80845,38.98249,3.2655401,292.0
0.033093315,0.0,8.005245e-31,0.019307725,0.0,0.0054066433,1.1054594e-17,2.2414688e-33,0.02726869,0.6435945999999999,314.58,209.72222222222223,0.11448316,446006,40.43958,40.3031,40.90826,39.840305,40.563614,38.53367,39.686672,39.5712,40.022636,11.437186,286.0
0.02316424,0.0,1.0047819e-31,0.030411672,0.0,0.022656836,3.62037e-18,1.6345504e-34,0.012837189,0.6381225999999999,320.13,209.72222222222223,0.110420495,452086,42.90346,43.35204,42.1831,43.167774,42.74269,42.886547,43.842476,43.379063,42.373394,4.4541383,303.5
0.011263893,0.0,5.627298e-32,0.017519087,0.0,0.02371232,1.5132014e-20,1.5231287e-34,0.011483468,0.6325137999999999,317.68,209.72222222222223,0.11217635,458318,41.68247,42.736015,43.47523,42.082813,43.222122,42.35174,42.4277,41.82385,41.88655,8.126164,297.0
0.017912082,0.0,9.889294e-29,0.018319726,0.0,0.036932684,5.1911516e-22,1.399592e-35,0.045787938,0.6269292999999999,317.7,209.72222222222223,0.18697928,464523,42.087826,42.719917,41.866077,42.14776,41.679234,42.773125,42.99779,42.511784,43.408146,8.383619,294.5
0.010955579,0.0,4.282849e-30,0.020665579,0.0,0.01928832,2.8414484e-29,0.0,0.03081783,0.6215265999999999,309.23,209.72222222222223,0.100562096,470526,40.616924,41.01536,40.901775,41.23685,42.631855,41.074825,41.248394,41.57504,41.631966,3.303933,285.0
0.022619262,0.0,7.8011076e-31,0.02473224,0.0,0.07638116,2.7419122e-27,0.0,0.037604135,0.6159294999999999,307.39,209.72222222222223,0.12714732,476745,41.56764,41.64713,41.06899,41.64186,41.82626,42.72958,41.354343,40.263313,42.289337,10.754679,280.0
0.023218168,0.0,4.7843105e-32,0.017315004,0.0,0.054848835,2.8663124e-28,0.0,0.02408457,0.6101416,310.9,209.72222222222223,0.10270578,483176,41.416386,41.38175,41.825214,41.140083,41.520542,42.209206,41.77919,41.387177,41.756428,6.82472,277.5
0.011399632,0.0,3.826074e-30,0.023417134,0.0,0.05620243,1.6905428e-26,0.0,0.026303995,0.6045048999999999,311.21,209.72222222222223,0.13690361,489439,40.295155,41.271545,41.54229,41.02032,40.77488,41.799187,41.431442,40.489197,41.34372,4.5325136,283.0
0.024294766,0.0,8.5569916e-29,0.017576205,0.0,0.026898216,7.533174e-26,0.0,0.016078824,0.5987638,312.95,209.72222222222223,0.13733691,495818,40.908882,41.196346,41.24628,40.578064,40.121487,40.95993,42.02608,40.920933,40.875717,4.963775,298.0
0.019895796,0.0,2.2058685e-27,0.048889946,0.0,0.030696364,1.2236063e-22,0.0,0.014870544,0.5928408999999999,318.73,253.125,0.15064967,502399,44.01071,44.311356,44.488457,44.819733,44.69178,44.39591,44.571526,43.458202,44.05698,5.0473537,308.0
0.028565634,0.0,3.1750116e-28,0.023033563,0.0,0.026140204,1.04606496e-22,0.0,0.020785686,0.5871843999999999,319.39,253.125,0.13067377,508684,43.601772,43.770588,44.020267,43.340973,43.852055,43.478977,43.498543,43.17637,43.6117,4.06129,322.5
0.022857916,0.0,6.6122464e-30,0.028719945,0.0,0.022731137,1.9323072e-21,0.0,0.013875615,0.5808943,324.97,253.125,0.09826392,515673,43.54501,42.56664,43.743256,43.749798,44.26191,43.493595,44.557762,43.888866,43.65029,6.6587343,343.0
0.016205823,0.0,2.737472e-26,0.026990257,0.0,0.040121283,2.9227398e-19,3.8144555e-36,0.02596816,0.5753925999999999,323.47,253.125,0.24643157,521786,46.40405,47.454323,46.383034,46.942856,47.360065,47.28267,46.25104,46.966652,47.057564,4.0045433,336.0
0.015825428,0.0,9.5113675e-29,0.028548889,0.0,0.027931742,1.5225138e-18,2.7635744e-38,0.016508969,0.5699691999999998,319.94,253.125,0.1337667,527812,45.25415,45.9309,45.749756,45.85571,46.241425,45.78563,46.245358,46.10073,46.01437,5.703857,326.0
0.023413869,0.0,2.458515e-30,0.03267303,0.0,0.021376306,1.2691486e-19,0.0,0.026681907,0.5636043999999999,324.85,253.125,0.060296077,534884,47.789276,47.9663,48.30889,48.132797,47.913845,47.71983,48.316048,47.624165,48.12573,3.4845612,329.0
0.09503433,0.0,7.843905e-30,0.01713708,0.0,0.029075967,4.075501e-22,0.0,0.015979182,0.5574142,330.78,253.125,0.09147561,541762,49.256508,48.273945,47.23458,47.542843,47.962208,48.042534,47.60305,46.988415,47.743134,9.206158,330.5
0.03884904,0.0,1.468189e-18,0.011780777,0.0,0.02178303,1.4430443e-14,5.479259e-33,0.010442765,0.5521878999999998,318.96,253.125,1.8637688,547569,50.436497,47.644306,51.628185,49.24673,49.933773,49.837994,49.040348,49.561996,49.41243,58.219364,303.5
0.027814334,0.0,9.558718e-29,0.028722664,0.0,0.023091288,5.2325617e-18,3.3654217e-38,0.017945342,0.5469274,316.28,253.125,0.15294847,553414,46.209244,46.92185,46.607765,46.191772,46.22629,45.936554,45.653027,45.60064,46.090908,5.3975916,303.0
0.030634029,0.0,2.941607e-34,0.024876902,0.0,0.073755436,3.5473317e-21,0.0,0.019605743,0.5414256999999999,317.15,253.125,0.14592084,559527,45.419376,44.837467,45.27453,45.18357,45.100384,46.268112,45.215164,45.130333,45.450275,6.2687373,301.5
0.0190008,0.0,1.2277055e-33,0.033488054,0.0,0.027635563,1.1235715e-18,0.0,0.043790936,0.5359518999999999,307.25,253.125,0.16270939,565609,41.9997,42.905575,42.31468,42.54171,42.3176,42.374702,41.277336,41.644234,43.407238,6.407804,289.5
0.005697836,0.0,1.3065315e-27,0.011701372,0.0,0.10429957,3.7198784e-18,0.0,0.031178255,0.5300271999999999,304.3,253.125,0.14785723,572192,45.497437,47.02104,46.247093,46.211555,45.463028,48.369514,47.35325,46.866997,47.375484,5.4040575,287.0
0.018001655,0.0,1.1248682e-28,0.0063215625,0.0,0.012039862,1.6117238e-20,0.0,0.037666094,0.5240070999999998,313.12,253.125,0.11809111,578881,45.904453,46.501686,47.126347,44.835983,46.334045,45.52102,46.121433,46.50892,46.691334,5.048002,302.0
0.02566552,0.0,1.3711135e-29,0.073843315,0.0,0.017695708,2.4837543e-19,0.0,0.025521316,0.5187519999999999,313.06,253.125,0.09074514,584720,45.784412,45.891773,45.674274,46.821,45.710625,45.42075,45.70849,45.147655,45.932213,8.865233,299.5
0.029687338,0.0,1.9676092e-25,0.021208894,0.0,0.0151942475,7.3430096e-16,0.0,0.016690671,0.5132448999999999,313.12,253.125,0.07963026,590839,46.37833,46.074062,46.30292,46.04877,46.61849,45.716278,47.244247,46.138863,46.158436,10.370993,301.5
0.060764045,0.0,8.219589e-28,0.028518671,3.2362192e-37,0.06996141,4.5454083e-15,1.0005473e-37,0.005835532,0.5071104999999999,320.46,253.125,0.14419287,597655,41.293133,40.83777,40.125023,40.588104,39.920593,41.47173,39.729584,40.23056,39.34136,6.167736,315.5
0.015507485,0.0,3.448148e-31,0.019002559,0.0,0.022599006,8.602581e-19,1.710497e-38,0.07590456,0.5018832999999999,312.71,204.41176470588235,0.115816556,603463,45.414806,44.68013,45.46406,45.650818,46.31835,45.774055,46.024094,45.77259,47.206093,5.6353054,302.5
0.015775004,0.0,1.5868853e-25,0.033099163,0.0,0.0145767545,1.524833e-21,0.0,0.015047506,0.49636809999999987,307.1,204.41176470588235,0.13727753,609591,50.519455,51.590893,51.746117,51.30619,51.38917,50.429653,51.222473,50.936737,51.143524,4.9890566,291.5
0.0052857213,0.0,6.158768e-23,0.04192789,0.0,0.07820352,3.0841982e-22,0.0,0.01119538,0.49071069999999994,311.57,204.41176470588235,0.21313438,615877,43.11013,43.789047,45.045063,45.24807,44.59485,45.76977,45.6572,43.14514,44.82219,4.3162956,309.0
0.0070638545,0.0,9.570462e-28,0.023592016,0.0,0.043899998,8.709028e-26,1.0923257e-36,0.015169522,0.48452859999999986,319.07,204.41176470588235,0.100877896,622746,47.29356,48.454346,49.322205,48.590405,48.737705,49.10308,48.991096,49.0649,48.937862,7.1634746,314.5
0.029057294,0.0,1.00298256e-26,0.029246116,0.0,0.011792589,2.0582615e-26,1.3679868e-37,0.023389999,0.4790169999999999,312.15,204.41176470588235,0.12415369,628870,47.462082,46.611786,46.99452,47.49666,47.765324,46.49898,47.331432,48.349308,47.90208,3.9415228,306.5
0.022656143,0.0,2.4068624e-25,0.032471135,0.0,0.046791803,8.68511e-27,1.7995556e-35,0.020952148,0.4733649999999999,316.87,204.41176470588235,0.08530142,635150,51.525013,51.59422,51.512257,51.96112,51.74716,52.150375,51.714104,52.01418,51.872948,5.1218996,324.0
0.011950568,0.0,4.0054095e-20,0.02269585,0.0,0.06573552,4.098028e-23,1.6340453e-34,0.01991618,0.4679235999999999,316.05,204.41176470588235,0.12112114,641196,52.868134,52.191,53.154617,53.503174,54.53096,54.43245,53.379032,53.76784,53.5355,6.726864,327.0
0.013451014,0.0,5.212501e-19,0.018804343,0.0,0.019452019,2.5954087e-20,9.940113e-35,0.020431865,0.46256049999999993,312.78,204.41176470588235,0.15542641,647155,49.875515,50.19679,49.37359,50.220398,51.72007,50.132267,50.03434,51.13329,50.33979,4.98037,319.5
0.027895192,0.0,1.988696e-24,0.015549424,0.0,0.0675498,2.3007427e-22,9.0855766e-35,0.028121376,0.45695889999999983,306.33,204.41176470588235,0.11465805,653379,49.5788,49.617325,48.71461,49.069714,49.396915,50.382286,49.600945,49.66498,50.029175,7.4993205,320.5
0.010986004,0.0,2.386439e-23,0.013362973,0.0,0.03095887,6.661066e-24,1.1426017e-35,0.037330702,0.4507461999999999,314.12,204.41176470588235,0.08573777,660282,50.841335,50.92038,51.296284,51.12671,51.640682,51.86802,52.746,51.99333,52.100296,7.8570313,329.0
0.021411806,0.0,1.0156244e-18,0.01674923,0.0,0.066312745,3.6135098e-19,7.05708e-37,0.020000298,0.4449897999999999,315.28,204.41176470588235,0.12055993,666678,51.6558,52.337368,51.154263,51.453358,51.19533,52.809166,52.034634,51.833862,51.55015,6.916929,316.5
0.012052792,5.066701e-38,1.463749e-18,0.01390781,0.0,0.03925844,9.0603044e-20,1.5878639e-36,0.030355789,0.43920009999999987,319.15,204.41176470588235,0.108884126,673111,52.11901,52.4703,52.781746,52.30531,53.70627,53.2371,52.787743,53.195633,53.172443,3.9763246,320.5
0.018151606,0.0,2.5160726e-20,0.015169823,0.0,0.018299833,9.610718e-19,5.782564e-38,0.02712941,0.4340439999999999,316.85,204.41176470588235,0.09049672,678840,51.08774,52.071163,51.504154,50.931873,51.69443,51.077065,51.74329,51.464878,51.469795,8.874817,320.5
0.010024328,1.3597397e-31,8.165744e-19,0.02116984,0.0,0.0040987968,1.0018758e-15,5.0081663e-37,0.05327113,0.42835869999999987,317.78,204.41176470588235,0.16301157,685157,52.097107,53.625324,53.75034,52.836033,52.40353,51.19819,53.341553,52.44695,53.836433,15.109472,319.0
0.015598923,1.4772303e-26,1.3023853e-16,0.013870266,0.0,0.029843397,5.91069e-17,1.6647669e-30,0.04008522,0.42257259999999985,313.04,204.41176470588235,0.15363137,691586,56.83095,56.767986,57.523846,56.809486,58.375004,57.44895,56.89501,56.896866,57.709236,8.977299,316.0
0.01000722,9.1469756e-29,8.783871e-17,0.02307497,0.0,0.033251286,1.1400736e-17,1.8850645e-31,0.030423721,0.41715099999999994,309.32,204.41176470588235,0.13688195,697610,52.54728,53.187054,53.874115,53.433502,54.02214,53.711273,53.36929,53.524597,53.542217,5.685035,318.5
0.026031367,1.0376524e-29,1.5562498e-16,0.03857871,0.0,0.02046658,4.976707e-19,9.980851e-34,0.016179593,0.41155299999999984,307.19,285.7142857142857,0.124526225,703830,56.599113,56.568176,56.509144,57.055,56.96203,56.37161,56.66636,57.0469,56.217545,12.591548,323.5
0.03556711,2.875696e-28,1.6965958e-19,0.028903175,0.0,0.009734825,1.3394747e-17,1.7074179e-35,0.04693739,0.40594419999999987,312.22,285.7142857142857,0.13403231,710062,54.92138,54.78555,54.467827,54.751503,54.63615,53.650734,54.73439,54.50077,55.379276,4.016348,322.5
0.055653594,2.7372633e-33,7.52145e-24,0.019191157,0.0,0.035299685,2.9217707e-26,0.0,0.056157965,0.39996639999999983,315.47,285.7142857142857,0.17069253,716704,53.94314,53.49526,51.81669,52.918747,52.887135,53.423893,52.44024,51.73363,53.724255,20.518745,333.0
0.03661829,5.324401e-29,1.6237334e-21,0.03337187,0.0,0.024035295,9.5200637e-20,0.0,0.018075509,0.39410199999999984,316.34,285.7142857142857,0.1544583,723220,56.23127,56.115555,55.53399,56.201664,56.780945,55.84375,55.890125,55.45586,55.991337,4.758334,330.0
0.029862152,1.6033277e-32,6.038735e-20,0.017941289,0.0,0.04518672,4.975757e-24,1.7412367e-35,0.009271072,0.3882186999999999,321.47,285.7142857142857,0.13531949,729757,56.544334,56.1838,57.379124,56.098434,56.498722,56.967762,56.75208,55.511757,55.67891,4.0259743,329.5
0.011960174,8.22604e-30,3.9423415e-13,0.02018138,0.0,0.015433808,3.2459944e-17,9.460315e-30,0.02228445,0.3826215999999999,321.46,285.7142857142857,0.23726627,735976,54.835903,54.395123,55.52167,55.40962,56.472656,55.11301,56.399773,56.17506,55.860443,7.7023005,323.5
0.0073242136,3.615129e-25,1.0087549e-13,0.0072409282,7.069593e-36,0.014073914,7.331351e-23,1.3509511e-27,0.08527509,0.37693089999999985,322.37,285.7142857142857,0.49456328,742299,54.1716,54.421196,55.306816,54.231365,55.234215,54.885,56.337353,53.801342,57.06092,54.244347,319.0
0.009655963,2.7273584e-29,1.1199921e-12,0.024378184,3.7334025e-31,0.050690018,3.9573822e-22,2.2666613e-24,0.01392672,0.3715164999999999,316.11,285.7142857142857,0.2032006,748315,51.509148,51.703342,51.40046,52.386642,52.634647,53.194378,52.077732,53.68304,51.927116,12.029004,304.5
0.01576256,1.9824281e-26,5.0631564e-15,0.029712724,1.3089316e-33,0.035996996,1.3598101e-21,5.5936057e-23,0.02962354,0.3659634999999999,312.65,285.7142857142857,0.163127,754485,53.04795,53.122025,53.93795,53.73048,53.403004,53.947025,53.877193,53.36159,53.516266,7.5143743,306.0
0.033677913,2.0826122e-27,4.3666494e-17,0.01905779,0.0,0.021562211,5.73473e-14,3.0841645e-28,0.009770185,0.3601962999999999,311.36,285.7142857142857,0.22083473,760893,59.037315,57.063744,57.324615,58.421497,59.42474,58.65822,60.28705,57.610535,58.250237,10.738158,318.0
0.021562375,3.3189309e-25,1.4681233e-16,0.02561201,2.0957264e-38,0.058395457,3.9333043e-19,7.454733e-28,0.029036604,0.3542139999999999,315.64,285.7142857142857,0.17567764,767540,59.14971,59.854115,58.756233,59.328766,59.129185,60.194946,59.219196,58.992596,59.61724,5.987262,330.0
0.014608275,1.4451768e-22,4.8941257e-16,0.022406885,2.1486323e-35,0.025220914,2.0929191e-20,2.1597051e-24,0.019849284,0.34852329999999987,315.64,285.7142857142857,0.18812315,773863,50.15851,50.91612,50.61243,50.64427,50.766823,50.774624,51.268337,50.357273,52.266815,7.3355923,343.0
0.028860325,2.6226103e-28,2.2040156e-13,0.020790959,1.3187286e-32,0.01452994,1.5577726e-15,1.313031e-25,0.01577222,0.3434409999999999,311.95,285.7142857142857,0.15159297,779510,54.644657,53.408478,53.689735,54.360626,55.712906,54.035595,55.60577,54.23803,54.76641,9.456926,340.5
0.02609032,9.908632e-32,6.1205767e-12,0.03544884,6.10138e-27,0.025497805,2.0839765e-18,3.3374274e-22,0.017704312,0.3377007999999999,314.03,285.7142857142857,0.1354708,785888,48.031372,48.33632,47.97831,48.360188,48.31412,47.998093,48.46905,48.06825,48.64481,3.7057438,333.5
0.018249003,3.1500937e-38,1.6164248e-12,0.049378995,1.8020475e-28,0.042448822,9.635454e-19,2.6387197e-21,0.03090047,0.33207399999999987,312.47,285.7142857142857,0.18818298,792140,48.386967,48.129257,48.748425,49.46252,49.25635,49.298893,48.539677,48.194588,49.307823,4.613127,334.0
0.009074693,8.7319313e-35,5.7072645e-12,0.034102954,3.873058e-27,0.025468862,3.4388764e-18,2.677326e-22,0.011026508,0.3263103999999999,310.04,285.7142857142857,0.28547734,798544,41.22101,42.6091,41.924618,42.503845,41.78332,42.25399,43.637535,42.058266,42.12205,4.419579,327.5
0.01689227,1.7087612e-32,2.9586584e-13,0.039042972,3.0685878e-25,0.016800055,1.7954747e-22,1.4115538e-23,0.013932357,0.32125059999999983,303.03,267.14285714285717,0.1871523,804166,41.338806,41.964573,41.753323,42.158215,42.417713,41.349964,42.522846,41.13478,42.633846,11.099034,310.0
0.018898293,3.1382699e-28,7.070198e-11,0.038619123,2.3270756e-25,0.020882467,8.6201726e-20,4.2481524e-24,0.012517483,0.31608729999999985,303.93,267.14285714285717,0.17472647,809903,46.32403,46.755226,47.12635,46.973186,47.159966,46.403183,47.30986,46.04914,46.84071,4.51795,316.0
0.015542662,6.997402e-25,1.4400352e-10,0.028175816,2.5011459e-26,0.0177974,1.9674564e-15,1.1465046e-22,0.0394022,0.3102552999999999,304.95,267.14285714285717,0.14043589,816383,54.359722,54.764046,54.340492,54.930363,54.98714,54.48411,55.842823,54.273094,55.455482,4.5791187,321.5
0.01155608,5.4673284e-27,1.2001439e-10,0.04330103,4.566143e-25,0.023054805,7.302278e-16,1.3845033e-22,0.039527234,0.3045825999999999,305.46,267.14285714285717,0.17272577,822686,50.35185,50.90557,50.360546,51.659966,51.317734,51.02157,51.9649,50.499058,51.694977,4.938675,321.0
0.01243224,1.4470022e-26,2.2628629e-13,0.035149794,2.0938274e-25,0.01836805,2.4580563e-18,2.8789485e-26,0.072186,0.29898099999999983,303.66,267.14285714285717,0.20158555,828910,46.933037,46.628086,46.6056,47.950542,47.667404,47.31673,48.102127,46.72515,49.14678,21.951174,306.0
0.024185907,1.9082768e-32,5.0602716e-10,0.03393628,2.7705784e-26,0.029352263,6.0840397e-16,3.3550612e-26,0.026139634,0.2932029999999999,311.64,267.14285714285717,0.16219336,835330,39.74807,39.555225,39.945793,40.02474,39.713024,39.931534,40.31732,39.7166,39.988373,4.477265,321.5
0.024659699,4.124563e-30,5.5567164e-09,0.03225175,1.3488037e-25,0.038300492,6.1881197e-13,3.6946797e-24,0.027933616,0.28680399999999984,325.37,267.14285714285717,0.20285843,842440,42.703068,42.36316,42.65415,42.884262,42.80457,43.049164,42.888443,42.756393,42.917206,4.994528,332.5
0.013460807,6.568975e-37,5.938661e-11,0.019921424,1.06584445e-26,0.06208137,1.2095098e-15,4.6754154e-25,0.048258174,0.2811132999999999,323.8,267.14285714285717,0.1819063,848763,32.443798,32.44376,32.488422,32.773727,33.009476,33.864735,33.3871,32.672276,33.67808,4.981042,338.0
0.012351492,3.9666027e-31,1.1296799e-08,0.020576725,6.1099883e-30,0.048523482,1.2830525e-12,2.8889721e-24,0.0343464,0.27573309999999984,320.55,267.14285714285717,0.17082924,854741,42.684166,42.97639,43.30781,43.14768,43.72074,43.93166,42.949757,43.266922,43.231445,6.2447634,324.0
0.019219793,9.197383e-22,3.6303274e-13,0.029472863,5.310714e-17,0.03360765,2.88209e-09,2.391099e-18,0.027522782,0.2699379999999999,322.7,267.14285714285717,0.20739941,861180,10.2785225,10.650744,10.738895,10.745461,10.516535,10.82239,10.710465,10.706092,10.6613655,8.402946,334.5
0.014130326,1.4937957e-17,8.185824e-09,0.021785647,4.9950112e-20,0.025695875,3.9545798e-09,3.4401724e-18,0.02210552,0.2644101999999998,319.92,267.14285714285717,0.18647492,867322,28.62914,29.316912,28.826773,29.050728,30.088493,29.128838,29.412676,29.099669,29.01747,5.9295692,334.0
0.018384343,4.0241385e-23,4.695781e-09,0.019867793,6.0564363e-21,0.029510243,3.2159944e-15,5.1160995e-20,0.016035354,0.2582937999999999,316.78,267.14285714285717,0.2149511,874118,28.729166,28.973808,28.619583,28.744907,30.079247,29.177893,29.335783,29.229364,28.938858,4.813668,338.0
0.012828692,6.060521e-20,9.68152e-10,0.017553847,6.715796e-24,0.032076176,1.12735315e-13,1.6861595e-19,0.04125409,0.2525103999999999,317.81,267.14285714285717,0.18490528,880544,34.50336,34.98835,35.145878,34.7808,35.41564,35.406166,35.44775,34.97965,35.26508,3.3827486,330.0
0.02822907,2.5876555e-20,3.4867695e-09,0.016419014,1.2165109e-22,0.030809095,1.2154272e-12,1.2783422e-19,0.027361907,0.24749379999999988,313.77,267.14285714285717,0.17330417,886118,35.09868,34.447968,34.763714,34.48834,35.55976,35.12187,35.119854,34.76767,34.739098,4.551084,332.0
0.021132115,8.632398e-15,1.4302493e-10,0.018680677,9.625923e-20,0.026676888,1.2397664e-15,1.0313793e-21,0.08262605,0.2419083999999999,311.44,267.14285714285717,0.17811072,892324,30.834295,30.12808,30.19661,30.646463,31.325115,31.074142,30.965342,30.1916,31.518623,4.388173,337.0
0.023460763,2.0386435e-18,3.5220225e-07,0.023435583,1.0627709e-25,0.032211483,1.59213e-15,2.1060275e-21,0.028905872,0.23583789999999982,317.47,267.14285714285717,0.16434075,899069,45.992397,45.45207,46.51663,45.938786,46.69133,46.28447,45.79766,46.056732,46.44133,7.168341,349.5
0.013660499,3.115706e-19,2.2916943e-06,0.028277125,1.3283674e-27,0.027252622,6.741935e-14,1.3927276e-20,0.029631965,0.23015619999999992,312.64,306.94444444444446,0.1413307,905382,55.703487,55.278736,55.840168,56.44237,57.3476,56.35843,56.087654,56.68301,56.526913,5.219119,329.0
0.010561974,3.6137504e-15,5.4567692e-05,0.025944782,1.5748894e-27,0.027892614,6.6422576e-11,6.1853415e-18,0.044448577,0.22502979999999984,305.34,306.94444444444446,0.1389154,911078,54.680855,54.4872,55.20456,55.526577,56.08638,55.54446,55.65527,55.960358,56.15875,8.336118,316.0
0.033831954,1.9228571e-14,1.8423265e-05,0.027317956,4.778725e-23,0.018660238,7.3514117e-13,1.1286494e-20,0.034015067,0.21931389999999984,313.11,306.94444444444446,0.1523661,917429,35.507828,34.587,35.357594,35.251884,35.758007,34.856056,35.207912,34.93535,35.44342,12.295316,321.0
0.024626667,2.431861e-16,0.0034572056,0.03481658,5.144653e-25,0.020786205,3.283611e-13,1.7883027e-19,0.017690927,0.21330009999999988,317.87,306.94444444444446,0.19917381,924111,44.523598,44.10506,44.30003,44.767254,45.64109,44.24925,44.34736,43.994724,44.95426,12.276492,318.5
0.036073886,5.0116066e-12,0.0013990487,0.049843963,3.0415168e-25,0.03437969,6.379669e-12,1.31278765e-20,0.018392017,0.20789919999999984,310.43,306.94444444444446,0.14642788,930112,42.780052,41.886215,42.62314,43.03577,42.62612,42.65019,42.117203,41.931763,42.25749,10.215716,302.5
0.0380711,4.927657e-14,0.00045029173,0.028926251,1.5424839e-24,0.013032242,2.6702434e-11,5.458102e-22,0.039127886,0.20232549999999982,309.23,306.94444444444446,0.18262313,936305,39.16268,38.092937,38.88898,38.822838,39.276966,37.94662,37.75627,38.709015,39.082203,8.390605,306.5
0.053007815,1.8210344e-14,7.3210336e-05,0.026492015,7.7524504e-26,0.0151914535,8.859767e-13,7.445771e-21,0.017512156,0.19660509999999987,315.83,306.94444444444446,0.189711,942661,31.245344,29.45911,31.548306,30.484816,30.920055,29.933062,29.449644,30.217066,30.662409,7.950061,318.5
0.032744788,2.3188645e-13,2.521155e-05,0.03247807,1.3021955e-27,0.03261694,1.7992349e-10,6.757013e-21,0.018190281,0.1905507999999999,319.59,306.94444444444446,0.19947837,949388,49.646717,48.93401,49.286762,49.584206,49.861984,49.541138,49.33078,49.83622,49.624607,7.9867644,321.0
0.027041882,8.6100845e-14,0.00019311241,0.038761206,1.4199087e-25,0.05429485,2.7634826e-14,5.7064486e-22,0.014096201,0.1850274999999999,314.14,306.94444444444446,0.14608832,955525,39.570248,39.409946,39.468037,39.859093,40.04308,40.204285,39.308823,39.294296,39.907528,7.9225483,325.5
0.01805791,5.37427e-17,0.0024637072,0.012716383,1.648898e-26,0.06689586,1.1875526e-05,2.2416432e-19,0.029106483,0.17905779999999982,320.46,306.94444444444446,0.17206532,962158,58.772007,57.68964,57.98967,58.441772,58.756287,60.05322,59.06419,59.77972,59.20386,6.686426,326.0
0.02510633,1.5275142e-10,0.0014967324,0.027972154,8.65262e-25,0.017772112,2.1837074e-09,2.0893248e-19,0.046825334,0.17335269999999992,321.92,306.94444444444446,0.17076504,968497,48.91604,48.20366,48.43333,49.046825,49.12068,48.548233,49.571953,48.691845,49.6404,8.327924,315.5
0.016744068,6.095749e-11,0.004686798,0.010515751,6.052235e-26,0.030490557,3.168803e-11,1.4466625e-20,0.04760271,0.16709499999999988,327.89,306.94444444444446,0.21123628,975450,47.732952,47.630104,48.43481,47.26391,48.528194,48.297077,48.070652,47.925423,49.258335,20.018026,325.5
0.0287623,7.802462e-10,0.00028765673,0.034632076,5.868206e-27,0.033748493,6.200461e-16,4.5730902e-21,0.0132008325,0.16123509999999985,325.73,306.94444444444446,0.15443385,981961,36.335888,36.152264,36.2228,36.528828,36.543896,36.492435,35.825203,36.98085,36.936478,6.6457286,315.5
0.03875924,1.4492946e-05,0.0048342,0.023459664,9.076097e-25,0.02705542,1.1169572e-11,1.5108192e-19,0.011140774,0.15558399999999983,327.15,306.94444444444446,0.114643306,988240,36.91958,36.41855,36.829037,36.453796,36.813,36.55218,36.490414,37.079918,36.996105,4.290303,309.0
0.011088154,2.0101665e-05,0.012672734,0.0170255,1.0060425e-26,0.033566546,0.00010719798,2.735034e-16,0.015143618,0.14995629999999982,323.35,306.94444444444446,0.17907551,994493,49.536755,50.065083,49.05073,49.92017,50.17716,50.52859,50.4667,50.02103,50.57265,7.1673427,307.0
0.030652216,7.955672e-09,0.00094235106,0.016230749,7.305105e-29,0.08174549,1.5849811e-07,6.1036313e-18,0.016799651,0.14344749999999984,332.28,306.94444444444446,0.10248687,1001725,55.91569,55.150085,55.070637,55.27553,55.854935,56.82625,55.413662,56.245438,56.004944,4.5605583,332.0
0.0115015395,6.768757e-08,0.024986438,0.022341846,1.0825725e-27,0.01860695,3.1347108e-07,6.245878e-14,0.0091121,0.13745799999999986,329.3,230.0,0.104408406,1008380,44.922012,44.666275,45.46128,45.577198,46.51858,45.32175,44.745945,46.1938,45.669456,8.849012,331.0
6.76681e-05,1.9960788e-07,0.121895514,9.92343e-05,1.801917e-25,8.338582e-05,1.7278047e-09,2.5887013e-16,8.316012e-05,0.13174659999999982,327.65,230.0,0.12734486,1014726,26.271791,26.276604,26.717209,26.66104,27.027046,26.479744,26.0697,26.722794,26.954447,6.9297805,321.5
0.022604255,1.2954242e-09,0.017264634,0.017583907,6.652017e-31,0.027482351,2.4353828e-09,1.0531331e-15,0.013450817,0.12550509999999981,334.21,230.0,0.06741455,1021661,46.15448,45.700382,46.556957,45.948826,46.893864,46.308674,45.734604,46.802574,46.14363,5.7454515,333.5
0.00050667056,9.313907e-12,0.110047475,0.00085749116,6.594218e-30,0.0005275317,5.251398e-10,7.944587e-16,0.00042647394,0.11926359999999991,341.03,230.0,0.12755425,1028596,48.66092,47.709408,48.92,49.180325,48.865475,48.678913,47.602833,49.529236,49.450012,6.9119086,344.0
0.0018566115,1.908961e-13,0.10477839,0.0027096258,9.664705e-28,0.003111387,1.3267911e-08,2.907595e-16,0.002669877,0.11361789999999983,331.44,230.0,0.115717776,1034869,41.040237,40.650284,41.611706,41.406666,41.68136,41.548973,40.46387,42.152905,42.198498,8.761275,339.5
0.006527528,1.5417391e-09,0.0145686455,0.10335461,8.216596e-27,0.008522212,6.0233422e-05,4.165682e-13,0.009984314,0.10679229999999984,340.73,230.0,0.14103997,1042453,64.690285,65.94857,65.74092,67.367485,65.56759,64.903984,65.05119,66.162766,65.677345,25.558636,349.0
0.022643372,4.045987e-11,9.544509e-05,0.02124014,2.6090655e-25,0.04548371,2.4325117e-09,4.2959885e-14,0.021706792,0.10127259999999982,338.6,230.0,0.1417547,1048586,60.824245,60.191513,60.793343,60.694958,62.16041,61.499035,59.90163,60.598774,61.55078,4.8281536,349.0
0.025177628,1.9595123e-17,0.0018039471,0.023229208,1.328165e-25,0.023082534,2.2286977e-12,1.1613559e-13,0.010457192,0.09999057160367722,334.67,230.0,0.16646992,1055128,49.715466,48.993362,50.42045,49.616367,49.64315,49.589962,48.881516,51.013092,49.724777,7.984577,345.0
0.019398453,3.6948643e-12,0.00025185884,0.022988128,1.4924737e-26,0.0126528,2.8663052e-07,8.647934e-11,0.039432324,0.09997669376915219,340.8,230.0,0.22191674,1062676,59.701103,60.839626,59.625404,59.87191,58.803333,59.26844,60.682213,59.71085,60.68499,15.44193,353.0
0.0050124223,4.1045228e-14,0.09354669,0.0062592574,2.1048512e-25,0.004597758,4.1892778e-07,3.478409e-11,0.008235678,0.09996604453524004,335.99,230.0,0.63636804,1068468,60.76721,60.407734,64.318474,60.940266,61.41184,60.660023,60.211132,61.54692,61.50088,20.57046,344.0
0.039417345,2.909824e-14,0.0008142358,0.013147494,3.43624e-24,0.033017006,3.2886752e-11,8.773202e-10,0.015246416,0.09995334892747702,329.2,230.0,0.20174979,1075373,51.500027,50.25749,51.82978,50.337334,51.45068,51.202095,49.774967,51.688316,51.36887,9.002338,323.0
0.03610595,6.844277e-12,0.0015347141,0.022216247,4.137193e-24,0.064567596,1.9294039e-10,4.0474163e-10,0.01582949,0.09994030582226762,338.81,230.0,0.17176622,1082467,52.567234,52.054745,52.502743,52.063354,51.80869,53.09457,50.69184,52.428905,51.778725,15.063163,343.5
0.019647868,2.221418e-11,0.000836925,0.02014648,2.9212286e-23,0.03668598,4.7582605e-10,2.326429e-10,0.03870812,0.09992794300306436,340.63,230.0,0.17102826,1089191,49.665157,49.613823,49.715206,49.629364,50.414303,50.20911,48.255135,50.437527,50.37476,7.5168943,350.5
0.022341734,6.4537347e-12,0.00026296667,0.01750899,1.0610208e-27,0.040075876,1.541836e-10,2.4941902e-12,0.027192209,0.09991499182839632,335.59,230.0,0.15123723,1096235,37.27218,37.063297,37.48125,36.98786,37.8883,37.740208,36.349712,37.914444,37.497498,10.917737,340.5
3.1484422e-05,6.0690694e-13,0.00013261102,4.5185327e-05,1.9406103e-23,5.1622417e-05,0.06623277,1.4452027e-13,0.00010579208,0.0999028404494382,343.76,337.5,0.2707258,1102844,27.39743,27.088654,27.356499,27.757553,28.343525,27.849222,27.135792,27.898521,27.269615,23.939598,349.5
0.021528171,6.0743044e-10,0.00017186176,0.027205022,8.120198e-25,0.025912147,0.0001241341,1.3208443e-09,0.06692579,0.09989209744637385,333.14,337.5,0.15762822,1108687,35.01365,34.926826,34.94128,35.165356,35.107048,35.066536,33.853127,35.280807,35.843464,9.396697,345.5
0.017562255,3.0973935e-10,2.490855e-07,0.013571241,1.220083e-28,0.012738718,9.1638847e-10,1.7062791e-12,0.060992274,0.09987934484167518,331.56,337.5,0.22195674,1115623,37.51389,37.796288,37.782948,37.195274,38.42304,37.067513,36.283916,38.291103,38.458508,7.9901733,344.0
0.017843634,2.551871e-21,1.1254979e-09,0.019081598,8.9121184e-33,0.02500524,1.3333615e-16,2.3360412e-13,0.06701661,0.09986675771195097,332.78,337.5,0.15011622,1122469,39.289146,38.88326,39.408638,39.29514,40.227177,39.52637,37.901154,39.429367,39.94413,8.705372,337.5
0.02638639,1.2811532e-15,1.3045541e-06,0.021641934,1.0812598e-30,0.04642125,5.5789025e-15,1.4432763e-07,0.047335476,0.09985474790602655,327.66,337.5,0.20608866,1129001,53.404182,52.184166,53.371716,53.19322,53.688354,53.82122,51.430553,53.62789,54.169765,9.84615,339.5
0.01512289,3.3434745e-14,1.6183485e-05,0.017238433,1.4267777e-27,0.034547254,1.5808462e-14,9.8893885e-08,0.02846119,0.09984414463738508,319.24,337.5,0.20996365,1134768,55.41776,54.323376,55.51975,55.48355,56.60642,56.12888,53.650024,56.91134,55.851856,5.5820866,319.5
0.025670575,1.5530483e-13,0.00025485354,0.027098225,1.1962031e-26,0.022989457,6.268385e-11,0.00013258345,0.039152842,0.09983263493360572,323.41,337.5,0.18702376,1141028,60.212006,59.417767,60.58722,60.22993,60.164402,60.012585,59.306175,60.843647,60.901527,6.0584435,334.0
0.014321487,3.4901026e-16,4.959518e-07,0.010617218,4.952441e-30,0.038184147,4.699493e-16,6.161454e-08,0.03712728,0.0998202077630235,321.64,337.5,0.1840719,1147787,55.6296,55.86294,55.203064,55.313995,57.131332,56.524143,56.20525,55.610695,56.149166,7.5290203,334.0
0.014231087,6.3332056e-15,2.918641e-05,0.027180832,3.423568e-29,0.014760724,3.0278913e-12,5.3911094e-07,0.04637685,0.09980887456588355,314.82,337.5,0.18866773,1153951,61.43633,61.127514,62.313732,62.046715,62.1013,61.400486,61.541515,62.460747,63.346962,7.081717,328.5
0.02599164,4.7851157e-15,1.2547152e-06,0.010744871,2.0216655e-28,0.008155827,1.954732e-13,4.1582634e-08,0.09292691,0.09979660551583248,316.23,337.5,0.2369833,1160624,62.914352,61.374218,60.94122,61.98405,63.041077,61.676228,63.245647,61.255764,64.597404,4.435909,332.0
0.017097441,1.3433478e-14,0.00077454525,0.040978976,6.0890567e-28,0.015724096,1.3772223e-15,3.3460785e-07,0.02588542,0.09978454239019408,324.17,337.5,0.18210348,1167185,56.846973,57.009304,57.28639,57.72773,57.778214,56.717716,55.78804,58.09813,57.695984,6.1194587,349.0
0.02063259,5.0457513e-18,1.4051596e-05,0.01161067,5.6668698e-30,0.0730184,1.5471827e-20,5.0282095e-10,0.028507885,0.09977163901940755,331.75,337.5,0.19994552,1174203,52.739414,52.71748,53.19129,52.17393,53.072914,53.952106,51.694775,53.296352,53.66519,8.481869,361.0
0.030853366,2.3667266e-19,2.7372582e-07,0.015957683,6.155983e-28,0.041619226,1.5061815e-25,3.6442756e-16,0.038142964,0.09975979101123596,328.6,337.5,0.1771257,1180647,44.218567,43.458824,44.122616,43.47989,43.938164,44.464375,43.39457,44.47834,44.92245,4.582557,373.0
0.01010253,4.918386e-16,1.2978016e-06,0.014307113,4.052861e-26,0.03343832,7.2301385e-25,8.44402e-15,0.13246393,0.09974724249233913,335.21,337.5,0.20804651,1187472,24.32127,24.58428,24.409035,24.589132,24.680101,25.469648,24.612303,24.782303,25.934277,8.230196,386.0
0.010498216,1.05952235e-16,2.821291e-11,0.025883025,6.0670837e-31,0.036375124,6.6080095e-29,3.2704782e-14,0.08919554,0.09973397875383044,340.62,337.5,0.21511446,1194686,48.362537,48.282124,47.600582,49.28071,49.378716,49.528095,48.269783,49.6069,50.33118,7.9898434,395.0
0.015499469,5.2647953e-14,4.254679e-12,0.02045044,4.9940505e-28,0.030607136,9.163207e-28,5.0555336e-16,0.07150742,0.09972291031664965,335.21,337.5,0.25147453,1200706,43.313877,42.94821,43.292824,43.541653,43.539124,43.91938,43.08747,44.28676,44.223732,10.228526,392.0
0.019934185,1.2479894e-10,1.4145957e-08,0.022224413,3.6168237e-28,0.034599826,7.3243793e-13,5.5341637e-08,0.044633195,0.09971049050051073,332.58,275.0,0.26804245,1207461,60.779972,60.984627,60.566082,60.86461,60.609764,61.269573,59.865723,61.861855,62.03904,10.973493,374.5
0.021673614,4.8614845e-12,2.0249247e-13,0.019485625,3.062466e-26,0.036878325,1.1795306e-23,4.9592233e-19,0.05200876,0.09969809826353422,335.54,275.0,0.22625229,1214201,33.502174,32.69434,33.648308,33.308178,33.623306,33.956333,33.10214,34.113297,34.329372,5.960137,367.0
0.021777222,2.6933067e-13,1.4309681e-11,0.031470705,1.0426789e-28,0.018568126,1.9897446e-14,1.8921587e-15,0.09680709,0.09968540081716037,336.35,275.0,0.22811714,1221107,38.15961,37.542118,37.592926,38.467434,38.483944,37.920715,37.26545,38.028545,39.347126,7.5346937,357.5
0.026995217,4.3743895e-14,3.3421535e-10,0.038618002,1.3703605e-27,0.03664196,1.7574511e-12,6.834417e-12,0.02230801,0.09967261879468846,333.73,275.0,0.2935155,1228059,42.629448,41.518303,41.187614,42.90904,42.536163,42.818165,42.938526,42.907112,42.237465,7.2364507,349.5
0.025178736,5.646773e-15,1.4379742e-07,0.019428398,5.774325e-26,0.010635167,1.3396062e-10,4.2901894e-11,0.095845215,0.09966055566905005,339.14,275.0,0.19803481,1234620,40.76105,39.543236,39.998127,40.405575,40.93098,39.777817,40.233276,40.869293,41.988842,6.2823277,356.0
0.021344798,2.266773e-18,2.5555228e-11,0.02042625,1.7514504e-28,0.030487891,2.777636e-15,1.0627371e-15,0.036916748,0.09964683227783452,346.23,275.0,0.22000802,1242084,32.76252,32.577312,32.613155,32.664673,33.751694,33.026638,32.315536,33.131767,33.484592,7.5392976,373.5
0.018604802,2.7621114e-17,2.0981159e-07,0.0053227353,3.5342936e-30,0.04760772,1.9437468e-14,3.7204875e-09,0.007365036,0.09963528028600613,341.66,275.0,0.38141838,1248367,44.18309,43.002502,44.564724,42.931362,44.358315,45.058907,44.45121,46.001446,43.838417,14.625605,362.0
0.023171157,3.0346752e-17,1.1994844e-12,0.017178273,3.0364423e-31,0.03605134,2.4937811e-17,2.0438853e-16,0.03154714,0.09962372829417773,335.43,275.0,0.14263076,1254650,28.48357,28.147291,28.709076,28.121449,28.93193,28.874249,27.925104,29.206087,29.304974,16.209696,364.0
0.025783945,2.1096071e-18,6.0024393e-14,0.01952331,2.1107517e-32,0.025532061,3.8633487e-17,2.0202624e-19,0.042453494,0.09961039284984678,338.44,275.0,0.15687317,1261903,26.530527,25.963194,26.343878,26.237988,27.089655,26.485153,25.768936,26.912271,27.625433,8.569195,367.0
0.025651025,1.1110379e-16,6.176582e-14,0.030546933,3.386589e-31,0.022080956,7.3367195e-14,9.189315e-21,0.05557042,0.09959727252298264,344.19,275.0,0.17436367,1269039,17.378546,16.866716,16.861395,17.503498,17.63177,17.200644,16.720165,17.719833,18.105341,8.91467,380.5
0.022182036,3.889481e-15,2.7802616e-13,0.03450759,4.9964894e-33,0.026881104,1.7963082e-17,3.6057473e-15,0.05317055,0.09958538774259448,334.19,275.0,0.1602301,1275503,30.357836,30.070005,29.328516,30.803455,30.983732,30.530945,30.086,30.279736,31.772585,23.781075,361.5
0.022599332,2.7978023e-21,6.0704406e-21,0.032186974,2.0057314e-37,0.025855856,2.3822674e-20,1.4403274e-22,0.05128945,0.09957401225740552,333.23,275.0,0.20464581,1281690,22.367783,21.491886,22.008442,22.716236,22.948029,22.481102,21.856712,22.823738,23.04211,23.637955,369.0
0.02250476,7.875886e-22,1.4630393e-17,0.016525522,2.510251e-33,0.026709113,7.528538e-18,3.3661708e-20,0.0543359,0.09956169724208376,337.38,275.0,0.2243795,1288388,20.166203,19.462753,20.076584,19.823313,20.723576,20.288744,19.70643,20.710386,20.85553,11.474434,382.0
0.02611668,2.129257e-17,1.7656936e-10,0.022200137,4.673875e-27,0.029887747,5.6548525e-15,7.7519105e-16,0.02380996,0.09954867987742595,335.65,275.0,0.18694945,1295468,18.05099,17.31703,17.826082,17.823381,18.3439,18.11499,17.568462,19.000656,18.350368,10.57751,380.0
0.01711931,6.5950176e-16,8.863281e-13,0.017190903,1.5465526e-26,0.028056065,1.9243859e-18,1.4976346e-16,0.042406116,0.09953573054136874,334.72,275.0,0.28649715,1302511,19.341843,18.828518,19.32942,19.297554,20.441269,19.769117,18.613548,20.408371,20.069408,13.371571,371.5
0.016484331,1.4972062e-18,2.5091365e-11,0.013811765,9.4151923e-26,0.024272699,1.1351728e-19,2.3120245e-14,0.074025035,0.09952337139938713,337.3,314.51612903225805,0.23684242,1309233,26.910284,26.803165,26.72461,26.69613,27.479712,27.19718,26.532873,27.95034,28.08216,13.071177,374.5
0.023207923,9.158318e-23,8.7672887e-13,0.011623649,3.8131012e-25,0.02399597,1.537226e-19,4.2285634e-15,0.0780091,0.09951136343207355,340.74,314.51612903225805,0.21930873,1315764,22.980131,22.671625,22.539488,22.24011,23.123188,22.918888,21.68877,23.611105,24.03292,8.345112,373.0
0.023599634,3.2010335e-27,3.624411e-19,0.0069972007,1.0295618e-31,0.027057324,8.1030683e-25,2.395234e-18,0.07092687,0.09949762349336057,348.49,314.51612903225805,0.25680164,1323237,34.73484,33.913696,34.48324,33.525997,35.01261,34.82683,33.66102,35.507294,35.915104,14.3563795,374.5
0.025636554,2.4831615e-23,2.1594758e-22,0.008674219,3.1233268e-31,0.03548966,1.7055978e-21,4.5835593e-20,0.05671815,0.09948611195097037,340.3,314.51612903225805,0.20929562,1329498,33.563744,32.78351,32.997925,32.49397,33.856205,33.875813,31.614307,34.335476,34.716442,23.14878,371.0
0.026326958,3.784489e-23,3.4183065e-21,0.019999636,1.6619782e-26,0.027122749,1.4242102e-16,1.4760032e-17,0.039156556,0.09947373258426967,337.2,314.51612903225805,0.19526917,1336231,18.484737,17.917963,18.13174,18.194069,19.079067,18.49943,17.251194,19.112091,19.3537,6.5770726,368.5
0.023079857,2.181799e-22,1.3184645e-16,0.029876215,4.96604e-23,0.020799037,2.1694232e-16,5.990615e-14,0.03177936,0.09946093033707866,339.61,314.51612903225805,0.27800333,1343194,23.398159,23.044725,23.362028,23.68388,24.279072,23.315056,21.995346,24.220364,24.34268,11.343359,380.0
0.020775149,3.4491655e-17,1.72125e-13,0.0216779,7.370193e-17,0.026654178,2.6607246e-11,1.732678e-13,0.05756715,0.09945058631256384,330.56,314.51612903225805,0.28612256,1348820,8.948945,9.006267,8.924346,8.930221,9.274596,9.175335,8.779672,9.254635,9.718998,27.630772,370.0
0.025578124,1.1718377e-16,7.396721e-16,0.026799431,7.499324e-19,0.031894386,4.9858953e-09,1.7092507e-15,0.036164105,0.09943739060265577,327.6,314.51612903225805,0.22361733,1355997,11.672862,11.384851,11.371053,11.6796,12.250389,11.877184,11.085109,11.953318,12.306061,5.739083,368.0
0.030866368,5.470433e-16,5.3926167e-16,0.02573211,8.540893e-18,0.032346413,1.3743059e-11,2.5178755e-15,0.026727876,0.09942530173646578,330.74,314.51612903225805,0.22909027,1362572,10.088556,9.695202,9.830331,9.856261,10.195263,10.113971,9.162223,10.559646,10.475623,9.380426,369.0
0.031201214,1.1242505e-18,8.6536064e-14,0.019842163,3.022912e-17,0.039259985,0.0015792997,1.9488717e-14,0.030443756,0.09941465617977528,321.31,314.51612903225805,0.29699507,1368362,10.561877,9.878397,10.105236,10.060689,10.525307,10.749628,9.377745,10.94823,10.810061,8.872459,361.0
0.01694245,2.252283e-15,1.8453146e-18,0.023486083,2.6398752e-18,0.03229987,0.0015565818,2.933249e-14,0.032956906,0.09940196241062309,320.72,314.51612903225805,0.23771858,1375266,15.362516,15.398094,15.190325,15.635111,15.954485,15.984673,14.452807,16.645006,16.135328,10.993472,362.0
0.019241188,1.3147061e-14,1.08920695e-17,0.022920866,2.3469004e-19,0.038113177,1.9551517e-06,3.54209e-16,0.051929314,0.09939043983656792,327.13,314.51612903225805,0.22932482,1381533,13.796387,13.650443,13.67677,13.924262,14.149392,14.474875,13.065454,14.636852,14.72085,17.973196,367.0
0.022111837,9.707348e-13,9.690989e-14,0.024422113,7.3639383e-17,0.03805793,0.0016889771,1.6029622e-14,0.037859302,0.09937879959141982,318.67,314.51612903225805,0.24339446,1387864,10.896647,10.817367,10.848603,10.947493,10.998816,11.428009,10.1457,11.480134,11.441575,13.46381,341.0
0.027052348,5.5407175e-11,1.0698011e-09,0.022592092,1.2972057e-16,0.05451794,1.6895103e-06,1.358203e-12,0.026651286,0.09936668682328907,318.8,314.51612903225805,0.22345643,1394452,10.8019,10.553853,10.840113,10.593392,10.6378975,11.498229,9.94799,11.188633,10.976493,10.118518,333.0
0.031213481,2.1798568e-13,2.8924035e-07,0.023870615,1.69578e-16,0.044798765,2.2519023e-06,2.6449667e-15,0.0316235,0.09935357752808989,332.2,314.51612903225805,0.2392177,1401582,7.316796,6.8492866,7.052483,6.9890275,7.0457425,7.6582537,6.3726077,7.5351415,7.4306707,9.17119,347.5
0.032600574,3.961152e-14,1.3380508e-11,0.023326127,2.070507e-19,0.050079662,4.5973374e-11,8.077039e-17,0.019336883,0.09934251092951991,323.35,370.3125,0.23721169,1407601,6.555242,6.055748,6.5282164,6.143992,6.3337994,6.9544845,5.273672,6.912655,6.4572353,21.609709,330.0
0.02896029,2.5284758e-10,2.3908028e-10,0.019913923,2.038582e-16,0.045922823,2.2849697e-05,4.679614e-17,0.02206566,0.0993312862104188,321.73,370.3125,0.23961544,1413706,4.704335,4.2647157,4.8603377,4.24474,4.5394154,5.136197,3.2753239,5.195004,4.5073223,7.9730077,337.5
0.032092758,1.5178466e-07,1.0375076e-09,0.02306634,1.1522979e-15,0.0433155,3.964553e-10,4.7735283e-16,0.020480176,0.09932096424923391,314.56,370.3125,0.22433098,1419320,5.8846025,5.3782926,5.957454,5.501845,5.6489916,6.1580544,4.6964717,6.2726893,5.6728697,11.959692,348.5
0.02412671,3.1708886e-13,8.880901e-13,0.016866338,9.516951e-19,0.0679832,5.908857e-11,3.4536002e-15,0.011672001,0.09930841940755873,316.91,370.3125,0.28141186,1426143,15.107245,14.521588,15.657949,14.693154,15.093974,16.125355,13.371407,16.15044,15.368706,66.741,362.0
3.6648835e-05,4.6963994e-08,6.8420596e-11,3.4225217e-05,2.0021126e-17,6.5764325e-05,0.040456038,3.0049708e-17,2.5844653e-05,0.09929776833503576,303.54,370.3125,0.27402484,1431936,5.4714694,5.262401,5.551229,5.332616,5.722338,6.0405965,4.606304,6.1795735,5.5878925,12.544354,335.5
0.02730593,1.8493289e-09,1.0240503e-08,0.020834424,7.372757e-15,0.039460246,2.0396052e-09,6.4507e-13,0.0288084,0.09928376363636364,319.52,370.3125,0.29311192,1439553,8.689413,8.313192,8.7864065,8.372642,8.710675,9.035281,7.7238164,9.206126,8.803185,14.078684,344.5
0.026681378,6.1157093e-09,1.5102231e-06,0.023448085,1.08630275e-13,0.03326101,2.6489886e-07,2.1847068e-12,0.031153439,0.09927101287027579,327.82,370.3125,0.2379016,1446488,6.9230084,6.7253637,7.011783,6.791266,7.068038,7.158687,6.430446,7.155024,6.9660172,12.742306,348.0
0.030841086,2.0229827e-08,9.143417e-07,0.027987687,2.0772308e-16,0.030407073,2.790207e-07,3.0701537e-12,0.025488937,0.09925842757916241,340.13,370.3125,0.21576144,1453333,8.271407,7.9530425,8.158272,8.15477,8.402455,8.279167,7.7896404,8.364837,8.160876,9.33215,350.0
0.033663336,2.969387e-13,2.6372743e-07,0.027255887,4.04438e-15,0.034322698,0.00014760156,6.9724004e-09,0.022836737,0.09924571910112359,341.02,370.3125,0.22463635,1460245,8.372237,7.896894,8.123015,8.138276,8.356321,8.402181,7.871182,8.542821,8.309436,7.4938097,339.0
0.0102608325,8.3623025e-11,3.245718e-08,0.009721183,2.664091e-16,0.012467603,0.03651159,9.254186e-13,0.0068178643,0.0992321317671093,356.99,370.3125,0.2296124,1467635,7.5504003,7.3716383,7.665859,7.472508,7.762104,7.757591,6.9276814,8.015082,7.4788127,12.6679125,367.0
0.026180504,1.0175926e-08,6.264176e-10,0.02532654,1.4266744e-16,0.033825364,0.00049099023,2.906659e-11,0.026051292,0.09922043084780388,344.46,370.3125,0.25729784,1473999,8.996754,8.739308,9.010542,8.910708,9.3389225,9.263309,8.627217,9.368014,9.141832,8.787871,355.0
6.658779e-07,9.10713e-13,4.529386e-10,5.606346e-07,2.4397325e-17,1.4112535e-06,0.039426185,1.8641951e-13,7.254028e-07,0.09920742635342186,345.84,370.3125,0.22168344,1481072,12.921389,12.773236,13.031484,12.704215,13.115043,13.616721,12.052004,13.649193,13.053464,13.286669,365.0
1.1301047e-08,2.3823764e-12,1.0827635e-07,1.0548115e-08,7.014637e-16,1.2706903e-08,0.06402172,9.022469e-15,2.4090973e-08,0.09919500102145046,344.97,370.3125,0.23115635,1487830,6.1095157,5.751445,6.0224566,5.9696407,6.2211275,6.1866884,5.5773525,6.5687323,6.387423,9.2458,365.5
1.1540667e-10,9.177305e-19,2.1102492e-13,7.39598e-11,1.3243693e-20,1.8475063e-10,0.017255774,2.118675e-16,1.6014257e-10,0.0991823899897855,344.44,370.3125,0.20992157,1494689,23.240398,22.30575,23.038387,22.701881,23.484276,23.667982,21.389517,23.987453,23.44992,5.6230555,376.0
5.4010256e-14,4.5418726e-20,3.3582616e-12,4.64994e-14,9.391622e-20,4.6559754e-14,0.04840314,7.0322835e-16,5.4436873e-14,0.09917070745658836,334.08,370.3125,0.259813,1501043,18.990534,18.245028,18.709408,18.766436,19.293879,18.798824,17.998627,19.058598,19.002645,7.897727,354.0
2.9608176e-13,2.2970404e-18,1.9683286e-10,2.7560823e-13,7.5541025e-17,3.1175718e-13,0.07256622,6.984992e-15,6.1437395e-13,0.09915633135852911,348.63,350.0,0.25695962,1508862,9.634034,9.35719,9.449419,9.513968,9.983698,9.624056,9.245863,9.933633,9.994877,8.204963,391.0
0.00031042448,2.063684e-14,0.00010217884,0.00020579009,7.3282946e-14,0.00030646435,0.049203426,6.076984e-09,0.00039265858,0.09914358243105209,347.24,350.0,0.22112824,1515796,17.306181,16.602985,16.928692,16.820528,17.584284,17.237602,16.423225,17.626793,17.688906,12.341625,382.5
6.0865986e-08,7.317694e-16,4.2313243e-07,4.4176467e-08,2.5411445e-17,8.731731e-08,0.045130473,1.0183844e-11,9.271047e-08,0.09913187048008172,343.36,350.0,0.23254018,1522166,30.536886,30.216644,30.535463,30.125408,31.24912,30.830214,29.818542,31.220999,30.986069,10.334838,387.0
8.225601e-11,1.3850844e-12,1.7402598e-09,1.1780468e-10,4.788342e-16,8.965744e-11,0.098392114,1.2758991e-13,2.1565025e-10,0.09911822982635342,348.96,350.0,0.23597583,1529585,6.8443313,6.950794,6.8610215,7.166644,7.346731,6.8952603,6.937399,7.134844,7.2535567,10.533831,392.5
0.0012584085,4.2924075e-10,0.0002972617,0.0017199264,2.6378916e-10,0.0014715189,0.06093336,2.1807521e-07,0.00250384,0.09910418835546476,361.79,350.0,0.23852654,1537222,9.811052,10.000857,10.05796,10.072475,10.38902,9.920523,9.488341,10.071059,10.144323,11.671433,416.0
0.026784658,7.619943e-13,3.0930147e-09,0.032408908,6.4714092e-15,0.032121275,1.3828084e-07,2.6306826e-10,0.02676824,0.0990912886618999,353.76,350.0,0.23711915,1544238,14.990583,14.962328,14.9049425,15.147559,15.373606,15.136186,14.483757,15.170604,15.373845,13.403775,395.5
0.0016045937,1.4193109e-13,2.7770236e-06,0.0020477807,9.913795e-14,0.00203899,0.062538125,3.7807313e-09,0.0018479808,0.09907820326864147,355.59,350.0,0.22022474,1551355,12.361405,12.293389,12.265527,12.571617,12.962924,12.559852,12.028547,12.64733,12.793397,7.9697204,409.0
4.3348538e-07,1.5531465e-22,9.904824e-13,6.201533e-07,7.400063e-22,9.094789e-07,0.052428074,1.4770408e-14,7.273633e-07,0.09906650418794688,355.52,350.0,0.24366829,1557718,15.816982,15.812564,16.161152,16.167412,16.586409,16.560825,15.549895,16.755236,16.602205,21.097706,403.0
6.566465e-06,4.69593e-23,6.8720047e-09,8.162191e-06,1.8098226e-19,7.225406e-06,0.07088,6.7997463e-13,7.612737e-06,0.09905361184882533,351.45,350.0,0.24505286,1564730,10.234137,9.771587,10.007265,10.435258,10.7102995,10.321623,9.862197,10.467632,10.585261,9.528309,387.0
0.005537901,1.9732906e-22,6.2416934e-06,0.0069360686,1.2131087e-17,0.005249663,0.045185734,3.2313343e-11,0.0069436263,0.09904244596527069,335.81,350.0,0.23335625,1570803,11.933083,11.419015,11.949523,12.156711,12.477056,11.905958,11.377236,12.145352,12.459359,7.5940595,367.0
0.02598768,2.014789e-26,3.0690388e-09,0.023775969,5.0546004e-19,0.043566775,1.4304002e-06,5.248223e-10,0.024384083,0.09903122492339121,326.68,350.0,0.24059439,1576906,18.198719,17.90124,18.12444,18.14274,18.757967,18.752192,17.671373,18.633484,18.470413,8.010726,354.5
0.02670284,1.02693155e-23,3.6950304e-10,0.026651448,3.4035e-19,0.040766235,5.890812e-08,2.8205857e-10,0.023688652,0.09902041205311543,314.32,350.0,0.26638314,1582787,18.569412,18.080606,18.604357,18.569939,18.882654,18.993282,17.65861,19.140003,18.635386,13.282395,329.5
0.0066948696,3.1012362e-18,4.039502e-06,0.008595843,7.455463e-15,0.008047017,0.060449094,9.74316e-07,0.01234379,0.09900803636363636,318.0,350.0,0.27909175,1589518,8.00175,7.711282,8.045531,8.232658,8.378706,8.184302,7.9429364,8.427545,8.56977,20.735298,338.5
9.739702e-05,2.6194632e-22,1.5167421e-07,9.9724224e-05,2.5053138e-16,0.0001237101,0.07026564,4.1973212e-08,0.0001376042,0.09899529479060266,317.18,350.0,0.2368337,1596448,10.510284,9.840324,10.608259,10.513904,10.93646,10.756895,10.158845,10.842743,10.880632,13.3516655,350.0
0.0005610663,9.38581e-23,6.5979258e-12,0.00043867461,1.0319217e-18,0.0009118521,0.044525225,2.7949347e-06,0.0013257455,0.09898499673135853,312.46,350.0,0.20608929,1602049,17.586578,16.484787,17.469072,17.308043,17.761555,18.077497,16.756668,17.971231,18.206873,15.976507,349.5
3.924218e-06,3.6506866e-24,8.1559857e-13,3.6210492e-06,1.1735116e-19,4.652691e-06,0.060807608,3.3489753e-09,7.1432523e-06,0.09897300898876404,316.63,391.93548387096774,0.19737968,1608569,15.003479,14.264078,14.793846,14.900001,15.381209,15.18072,14.4484,15.341828,15.485334,9.090494,371.0
3.6460895e-07,3.316514e-26,1.6536614e-10,2.990991e-07,7.465717e-18,7.0028455e-07,0.039439335,3.5489317e-10,9.86715e-07,0.09896097160367723,323.29,391.93548387096774,0.23963238,1615116,20.630945,19.898138,20.522232,20.382425,20.905533,21.282598,19.697878,21.275423,20.879915,11.187845,381.5
4.895654e-05,1.7677396e-14,1.0732565e-10,5.9592974e-05,5.77565e-13,6.237105e-05,0.060348276,9.357228e-09,9.93371e-05,0.09894822083758938,325.33,391.93548387096774,0.2308757,1622051,9.458123,8.966444,9.744196,9.61624,9.611704,9.676461,9.045249,10.176447,9.990876,20.615389,381.5
1.7983872e-05,6.7377376e-19,2.6507079e-09,1.4749195e-05,1.5670999e-14,2.2838942e-05,0.045938697,7.5494284e-11,3.4827357e-05,0.09893660081716037,319.23,391.93548387096774,0.23012803,1628371,13.309538,12.513518,13.458099,13.061333,13.460624,13.541414,12.495914,13.893608,13.772916,13.105541,378.0
0.0019675095,1.7974813e-17,6.4185386e-08,0.0017215884,1.9148284e-14,0.0031787667,0.03553197,7.1132207e-09,0.0034314005,0.09892650316649643,318.14,391.93548387096774,0.22220701,1633863,16.296257,15.55895,16.624308,16.125345,16.46329,16.79438,15.442057,17.120491,16.822153,11.502054,378.5
0.01754064,9.105802e-17,4.583529e-12,0.011824573,1.631283e-16,0.071649976,2.1867388e-06,1.1972265e-10,0.037454482,0.09891398774259448,321.01,391.93548387096774,0.25362152,1640670,21.316,20.730524,21.642576,20.904018,21.05655,22.751446,20.637945,22.281162,21.840208,30.736084,367.5
0.0145974,8.727643e-20,7.235327e-14,0.014627166,7.379914e-18,0.061600875,4.6463364e-11,1.8058354e-09,0.02592528,0.09890211950970378,320.09,391.93548387096774,0.23611285,1647125,23.546589,23.13779,24.309652,23.55939,23.77149,25.034733,22.613503,24.883036,23.836338,18.562746,373.0
0.016579187,1.1010582e-19,2.6072323e-17,0.013059175,2.0682834e-19,0.037883528,1.3005011e-10,1.5774963e-12,0.056062806,0.09889047374872319,314.08,391.93548387096774,0.24216986,1653459,24.134567,23.564096,24.584126,23.8988,24.639189,25.016792,22.853132,25.139006,24.822681,19.337404,368.0
0.008933217,1.8680407e-26,7.913141e-17,0.004936176,2.856344e-18,0.051182084,8.059576e-12,3.481886e-12,0.007988202,0.09887850071501532,316.0,391.93548387096774,0.22158656,1659971,35.04519,34.541832,36.32037,34.46291,35.683315,36.821377,32.934784,37.41611,34.5105,14.728402,349.5
0.01624475,1.5494898e-22,7.4346365e-18,0.008965338,2.1356161e-18,0.05256076,4.0293248e-11,4.0501635e-13,0.025723247,0.09886442063329928,337.66,391.93548387096774,0.18535444,1667629,36.3844,35.887257,36.851055,35.779152,36.5169,37.56786,34.881447,37.745358,36.344513,10.071942,375.5
0.015382793,1.2720855e-18,4.7062633e-15,0.007128492,5.2425433e-18,0.028610311,2.5426583e-09,1.529625e-13,0.040642828,0.09885324739530132,330.36,391.93548387096774,0.23598114,1673706,33.075394,32.553333,33.296772,32.280823,33.207966,33.700798,30.953814,34.845592,33.5399,11.749805,359.5
0.008897219,2.553438e-24,5.412426e-21,0.0075091477,7.06105e-20,0.015024062,3.3031525e-17,1.0476962e-11,0.08029636,0.0988409746680286,332.56,391.93548387096774,0.18914422,1680381,32.961872,32.157375,33.284855,32.77317,33.490414,33.504063,31.25974,35.231804,34.265587,16.102264,355.0
0.009899079,5.260429e-26,9.538561e-20,0.0068290127,4.677041e-20,0.026639566,1.2572255e-19,7.063501e-09,0.11571083,0.09882843166496424,337.44,391.93548387096774,0.2504801,1687203,40.69853,40.653976,41.067806,40.344196,41.33124,41.719612,39.196156,42.447357,42.55236,11.586513,366.0
0.017036177,3.2890542e-22,1.1351523e-18,0.011042055,4.0123086e-18,0.022367636,1.2546445e-12,9.973098e-10,0.1120312,0.09881597139938714,340.09,391.93548387096774,0.18585871,1693980,33.482582,32.89955,33.588108,33.03362,33.83005,33.77696,32.19672,34.31625,34.844624,12.036427,382.5
0.018324064,2.8273338e-21,1.9656326e-18,0.010958401,7.2824756e-17,0.028994273,6.001974e-10,9.985552e-09,0.061748184,0.09880362880490297,330.64,391.93548387096774,0.2202472,1700693,30.665121,30.332867,31.09816,30.103973,30.943842,31.129673,29.763742,31.691278,31.588207,11.6666355,377.5
0.015638513,6.8325174e-23,6.9421695e-18,0.0077156373,5.323523e-16,0.022891108,2.948259e-14,9.181775e-10,0.09127682,0.09879129724208376,336.94,401.6666666666667,0.2232886,1707400,48.48189,47.901634,48.876102,47.761715,48.94754,48.92221,46.222744,49.597652,49.490025,16.853783,393.5
0.010159078,4.769831e-16,1.7820796e-17,0.012395279,5.020097e-19,0.026294012,1.0838912e-18,8.189266e-10,0.06059316,0.09877855015321757,339.52,401.6666666666667,0.23585539,1714333,27.38952,27.467806,28.544312,27.565435,28.72682,28.376627,27.139107,28.785593,28.713188,15.806929,405.5
0.012867761,5.70612e-20,2.6633379e-20,0.014229656,1.0356134e-21,0.024979731,1.8486364e-21,5.4956026e-11,0.08264482,0.09876604208375894,339.33,401.6666666666667,0.24972345,1721136,29.875814,29.606873,30.434547,29.946388,30.683805,30.593395,28.7896,31.242308,31.376083,13.369611,392.0
0.015969712,3.3486068e-19,7.4970796e-19,0.006068962,2.4227637e-20,0.0568643,1.2496226e-27,1.4604032e-11,0.030391902,0.0987527470888662,343.87,401.6666666666667,0.244627,1728367,51.182617,49.830765,52.01594,50.211597,50.902405,52.519085,49.274815,52.84647,51.796158,8.717049,396.0
0.009596664,8.9727337e-23,1.2086846e-23,0.004873995,2.254444e-24,0.03312411,1.12312965e-30,2.9828627e-12,0.06487465,0.09874031072522983,344.38,401.6666666666667,0.23438564,1735131,51.590195,51.381966,52.880863,50.919765,52.120453,52.871464,50.26272,53.643185,53.241302,7.722981,396.0
0.013371129,3.4331986e-21,7.916984e-21,0.012393854,1.1330901e-22,0.03220023,2.1837078e-27,1.0031525e-10,0.04641806,0.09872783207354444,345.18,401.6666666666667,0.22770314,1741918,42.14636,42.02631,43.159573,42.118446,43.009945,43.085407,41.528732,43.513515,43.07744,10.540084,396.5
0.015780432,5.4095334e-21,3.791076e-18,0.012667291,1.0522735e-19,0.050950646,1.04537386e-23,1.3887023e-07,0.033769462,0.09871682247191012,335.73,401.6666666666667,0.21885483,1747906,41.48709,41.067455,42.15139,41.26763,42.02849,42.66156,40.34865,42.950478,42.455196,7.1560707,376.5
0.026773699,7.1602593e-17,4.420476e-15,0.009607102,1.6442162e-16,0.034002226,2.5036106e-18,2.4801916e-06,0.065889716,0.09870558304392237,328.83,401.6666666666667,0.22678313,1754019,29.398136,28.936687,29.735209,28.358292,29.176037,29.637161,28.827087,29.18333,30.35556,21.151653,375.5
0.021008562,1.4999046e-15,6.192157e-13,0.019773323,4.13945e-15,0.021237848,2.001566e-15,1.0382986e-06,0.061413907,0.09869337282941777,322.93,401.6666666666667,0.23068576,1760660,24.064985,23.883492,24.613312,23.99992,24.2303,24.072153,23.918568,24.401377,25.132998,8.824951,374.0
0.023317093,9.2612705e-14,5.746074e-12,0.028823923,5.9145986e-14,0.018939061,2.3100974e-14,4.3642026e-06,0.06059564,0.09868012747701736,327.33,401.6666666666667,0.24834095,1767864,21.098408,20.815487,21.134905,21.293331,21.377266,20.890823,20.761461,21.279436,22.179976,14.491731,377.5
0.02115432,7.4141374e-11,8.2225235e-08,0.018408593,6.586977e-10,0.019208454,1.0945703e-09,1.3369602e-06,0.048719734,0.09866874279877426,321.38,401.6666666666667,0.23636769,1774056,15.732999,15.64763,16.027788,15.562281,15.9960785,15.639241,15.755432,16.388437,16.39035,10.293929,376.5
0.020936325,3.600361e-13,1.0664241e-14,0.014141741,1.5477908e-16,0.029195005,3.5052364e-11,1.7472419e-09,0.070282474,0.09865639284984679,328.67,401.6666666666667,0.25394654,1780773,25.947105,26.139925,26.140749,25.53997,26.11221,26.325844,25.467709,26.223198,27.001661,8.284261,393.5
0.025710382,2.6121863e-15,4.0312e-14,0.010559109,5.2006582e-17,0.029921085,5.3880996e-14,1.04769114e-07,0.08233146,0.09864429111338101,333.36,401.6666666666667,0.26595658,1787355,31.62613,31.374659,31.554497,30.739834,31.229795,31.841566,31.28134,31.598774,32.51106,16.119678,403.5
0.014349245,1.9059075e-13,3.3827825e-16,0.017277785,2.4124953e-19,0.021998325,3.0067404e-13,1.5024419e-06,0.06872802,0.09863233462717058,331.98,401.6666666666667,0.25757453,1793858,36.158646,36.530025,37.20923,36.334263,36.251038,36.648655,35.997356,37.12272,37.453815,15.595059,399.5
0.017706292,3.5775724e-14,1.6371708e-17,0.014549525,5.258035e-21,0.031019602,4.5682017e-16,1.8705712e-05,0.043749657,0.09861854320735444,334.95,401.6666666666667,0.22259179,1801359,39.896267,39.980404,40.384655,39.72359,40.709747,40.53833,39.528255,40.912674,40.99041,13.004752,404.5
0.014520767,9.900421e-13,1.2653767e-10,0.016937558,5.094038e-16,0.031891223,6.986304e-14,0.003110922,0.034365106,0.0986068128702758,336.83,363.6363636363636,0.25371435,1807739,27.570347,27.49548,28.232424,27.729689,28.651669,28.390682,27.193481,28.90938,28.424803,9.656305,399.0
0.008910057,1.7592513e-12,1.5203024e-16,0.011438013,8.824709e-19,0.045134623,8.669563e-17,2.1109321e-05,0.046206724,0.09859535280898876,331.99,363.6363636363636,0.22320153,1813972,32.909924,33.5764,33.462288,33.172367,34.325577,34.602047,32.81064,34.861073,34.573353,12.412365,388.5
0.011405796,2.550887e-12,2.643431e-09,0.011707252,3.0745348e-12,0.02613827,7.380072e-07,0.00037052072,0.06942469,0.09858422369765067,326.7,363.6363636363636,0.21057554,1820025,28.152369,28.536089,28.799637,28.195574,29.497732,29.01017,27.901583,29.345877,29.60243,10.515973,371.0
0.009600131,4.9781553e-14,1.3798394e-10,0.0063101053,3.749186e-16,0.04500652,1.9699216e-12,0.0006273321,0.055400684,0.09857305413687437,322.42,363.6363636363636,0.19374588,1826100,46.232193,46.465134,47.55048,45.865513,47.508068,47.83722,45.982162,47.712765,47.752953,9.557427,357.5
0.02131889,1.1642074e-09,6.896728e-06,0.017259493,8.297913e-11,0.018017428,3.9507554e-06,0.0025624163,0.06494888,0.098561491113381,310.3,363.6363636363636,0.22963312,1832389,23.881298,23.502325,23.831816,23.666187,24.474094,23.72784,23.406136,24.097698,24.44456,7.3543463,339.0
0.011796773,9.6222306e-14,0.00047465926,0.0097975265,3.842625e-09,0.013243252,1.0245525e-06,0.057913702,0.02804367,0.09854874770173647,315.81,363.6363636363636,0.26106742,1839320,40.957302,40.13738,41.075695,40.740772,41.118732,41.10068,39.650898,40.849525,41.105846,6.917557,351.0
0.014082467,7.537587e-10,7.9120923e-07,0.011346809,8.071499e-11,0.046777643,0.0035650048,0.006447072,0.040825054,0.09853626905005107,321.35,363.6363636363636,0.24030152,1846107,30.026142,29.45219,30.200977,29.80586,30.12464,31.284363,29.544224,31.30577,30.720634,19.28787,358.0
0.00010715598,7.1955587e-16,1.1093792e-05,6.249296e-05,1.3757631e-09,0.00032853446,0.039905332,9.444226e-05,0.00024686183,0.09852329213483146,331.4,363.6363636363636,0.22140917,1853165,30.269817,29.808193,30.366606,29.69693,30.59588,31.407022,29.532507,31.125057,30.514938,17.625011,381.0
0.010311656,3.3248633e-15,0.041271675,0.005463394,3.0160101e-05,0.020318126,0.00017022714,0.013483294,0.022563845,0.09851288559754852,327.25,363.6363636363636,0.20193386,1858825,35.191376,34.673893,35.333553,34.493435,35.87358,35.89464,34.40029,35.890705,35.626923,9.592083,386.5
0.008688122,2.641147e-17,0.04097013,0.003951007,0.00017578709,0.021463115,0.000579454,0.02604811,0.016581235,0.09850091256384065,329.48,363.6363636363636,0.19162013,1865337,48.643837,47.6233,48.7774,47.756207,48.938366,49.53854,47.17715,48.455853,48.535328,11.069331,399.5
0.00030687958,5.143138e-16,2.4133241e-08,0.00020913765,3.4849887e-09,0.0005408599,0.05835656,9.604517e-06,0.00057590875,0.09848845045965271,327.95,363.6363636363636,0.20368288,1872115,24.011608,23.536793,23.842617,23.569887,23.977543,24.581308,23.371178,24.21234,24.294973,12.049734,406.5
0.013852626,1.0513628e-17,8.76772e-06,0.012616329,3.761837e-08,0.01875249,0.007813407,0.00012745826,0.041792274,0.09847562063329929,329.86,363.6363636363636,0.22500151,1879093,44.484943,43.904655,44.571465,44.31732,45.090626,44.816566,43.59565,45.575462,45.12853,14.881226,407.0
4.7204885e-06,1.5561369e-19,8.098433e-07,4.9422574e-06,3.59111e-10,4.5482643e-06,0.053445388,8.086748e-07,1.4095385e-05,0.09846313094994893,327.21,363.6363636363636,0.18977495,1885886,38.046333,37.318443,37.566463,38.020588,37.740192,38.02629,37.14316,37.78946,38.522617,10.692577,398.5
4.420515e-13,9.732204e-25,5.202477e-12,1.8500453e-13,2.2038446e-17,4.5541175e-13,0.04834093,8.2868375e-13,7.7988673e-13,0.09844943881511747,345.08,363.6363636363636,0.24079996,1893333,30.502981,29.231028,29.67366,29.559515,29.87956,30.53118,29.133183,29.885824,30.271517,23.026314,425.5
4.733773e-10,2.5902303e-21,1.7761259e-07,2.5642802e-10,2.310964e-13,9.319987e-10,0.034112226,7.020725e-08,6.1118705e-10,0.09843741430030643,345.36,363.6363636363636,0.22707535,1899873,38.488968,37.264523,37.97937,37.863987,37.808334,39.205414,37.04145,38.47932,38.11002,19.246126,425.5
4.0943014e-06,1.1525108e-24,6.238783e-10,1.0512298e-06,1.522053e-11,6.545289e-06,0.03684392,5.933096e-09,2.8226385e-05,0.09842432522982636,348.77,479.6296296296296,0.23960759,1906992,54.063873,52.363907,53.445206,52.673912,53.73354,54.587696,53.078575,54.061176,55.541504,26.845387,430.5
6.349668e-05,4.4236208e-23,1.2480103e-07,3.5640838e-05,4.6553056e-10,0.000102060134,0.05636609,7.554834e-07,0.00028762716,0.09841155607763023,348.44,479.6296296296296,0.1933033,1913937,59.240665,57.78308,59.068214,58.617153,58.7481,59.764866,58.655224,59.62526,60.310413,15.089857,440.5
0.0044867015,3.7084656e-21,5.3478207e-06,0.0020308176,1.3372801e-08,0.009644774,0.00032204305,0.103393555,0.00999326,0.09839882737487232,349.74,479.6296296296296,0.21624884,1920860,63.987556,61.221092,63.203182,63.142563,63.35262,64.78629,62.79834,63.89472,64.39698,14.851377,450.5
0.0012989001,2.5281047e-21,1.165479e-08,0.00040173897,1.7383861e-08,0.0032398624,0.012960832,2.4811572e-05,0.0024108826,0.09838739856996936,337.43,479.6296296296296,0.21107948,1927076,69.70275,67.739456,68.962555,68.48146,70.243065,70.63814,67.65965,70.333824,69.93521,14.344754,431.0
0.00012108008,1.0308581e-21,1.7962101e-08,6.627584e-05,2.7718515e-08,0.0010257121,0.057630923,3.0192984e-07,0.00071676413,0.09837626210418796,332.6,479.6296296296296,0.22493967,1933133,61.633465,61.07956,62.010445,61.011787,62.145866,63.814808,61.890945,62.56727,63.08015,26.001553,412.0
0.0004739019,9.429206e-19,4.6556878e-10,0.0003272327,1.13562576e-10,0.0010517874,0.016077608,4.7237407e-08,0.00046763278,0.09836450602655772,325.35,479.6296296296296,0.226105,1939527,52.541695,50.514847,51.553894,52.147694,51.579437,53.369534,50.343628,52.684566,52.175285,20.353748,396.5
9.291909e-05,1.0906823e-20,2.146598e-11,6.789773e-05,2.2909745e-13,0.00012412242,0.036678024,1.2375087e-09,0.00034600464,0.09835396894790603,313.21,479.6296296296296,0.18233556,1945258,50.615646,49.499245,49.687603,50.277386,49.92788,50.92389,49.301613,50.3283,51.30079,18.993118,378.5
3.885846e-14,9.726354e-24,3.5577045e-12,3.375033e-14,3.0396228e-14,3.7564126e-14,0.07280381,3.526091e-14,1.01944664e-13,0.09834195178753831,309.34,479.6296296296296,0.2512706,1951794,25.181862,23.861427,24.285004,24.987503,24.60998,25.138924,24.413397,24.053013,25.627645,6.7003145,374.5
7.935028e-15,4.0291853e-26,6.939633e-17,5.500724e-15,1.8744409e-16,6.8956897e-15,0.071381584,5.1953493e-19,2.2035422e-14,0.09832861818181818,319.7,479.6296296296296,0.21321717,1959046,25.519154,24.145647,24.52837,25.089994,24.914984,25.36956,24.65902,24.550379,25.88489,9.973233,393.5
6.2444245e-14,2.1175417e-23,2.8660338e-12,4.9534273e-14,1.595754e-12,6.111802e-14,0.06236,1.661738e-16,1.9818905e-13,0.09831686026557712,323.08,479.6296296296296,0.19344461,1965441,22.813972,21.374222,22.147354,22.515257,22.150602,22.781042,21.852774,21.846418,23.147097,12.989442,405.0
1.02922906e-13,3.4529892e-28,7.284207e-19,1.2126265e-13,1.17124705e-17,8.570318e-14,0.049031485,2.3463261e-18,4.1778617e-13,0.0983037013278856,330.71,479.6296296296296,0.17843445,1972598,29.633177,27.867605,28.571096,29.729048,29.323774,29.44598,28.507727,28.266333,30.25284,15.179862,414.0
1.1714153e-15,1.1431828e-29,6.8717945e-23,9.794302e-16,5.3901084e-21,8.164815e-16,0.045599345,9.387919e-23,4.6256033e-15,0.09829133850868232,340.64,479.6296296296296,0.21247467,1979322,26.026794,24.630465,25.126287,25.736542,25.681625,25.60229,24.788658,25.023052,26.688198,8.702207,424.5
2.1711062e-09,7.358664e-21,1.1931334e-09,1.2968372e-09,3.532884e-12,1.6587812e-09,0.060839202,2.8453593e-09,3.990671e-09,0.09827987477017365,337.63,479.6296296296296,0.25039452,1985557,22.612545,21.33411,22.143759,22.02801,22.340551,22.301342,21.577133,21.707901,22.726393,9.805234,413.0
0.000182023,9.7301997e-17,2.1434388e-09,0.00015416741,1.7095136e-10,0.00014983556,0.051590033,3.7557782e-06,0.0007240557,0.09826814811031666,328.89,479.6296296296296,0.23624977,1991935,25.501642,24.207937,24.93352,25.264753,25.22809,25.28303,24.473524,24.704905,26.135433,9.383385,386.0
5.50865e-08,5.218501e-28,4.7030852e-15,1.13936764e-07,2.603525e-15,4.2469335e-08,0.03347468,3.3062705e-11,1.9786152e-07,0.09825711092951991,324.97,479.6296296296296,0.19840685,1997938,40.497295,38.770916,39.14257,41.161774,40.463104,40.23959,39.084026,39.291763,40.972313,8.513706,379.5
0.007949188,2.8834875e-25,1.4050792e-11,0.011409828,1.8910047e-10,0.0065588094,0.044185016,4.2800785e-08,0.039408892,0.09824571338100102,315.39,403.3333333333333,0.38291723,2004137,51.13638,48.711044,49.566883,51.50582,50.62353,50.93908,50.360714,50.43132,51.87766,57.48568,365.5
0.012067515,5.883715e-26,1.3140846e-05,0.00834555,1.1086167e-08,0.019269165,0.005759491,0.0030270058,0.0910463,0.09823328069458631,315.77,403.3333333333333,0.21985273,2010899,52.966053,51.697758,52.334457,52.57925,53.81992,53.421387,51.557785,52.636448,54.431683,12.792556,363.5
0.0008768106,8.2702335e-26,1.1810791e-08,0.000987281,9.630929e-11,0.0011953817,7.559839e-06,0.03343302,0.0032520625,0.09822180224719101,315.85,403.3333333333333,0.21655323,2017142,46.443295,44.88082,45.98164,46.552174,47.05688,46.738396,46.177074,45.316643,47.17434,9.200517,367.0
0.0008593169,2.2413624e-21,1.2150537e-11,0.0009306338,1.2986411e-11,0.0010411894,0.0037348422,0.044652853,0.00474619,0.09820961409601635,318.36,403.3333333333333,0.23236004,2023771,38.642048,37.325836,37.732006,38.74161,39.363438,38.875687,38.50449,37.986496,39.777542,10.032463,375.5
0.012397228,1.0185006e-23,3.926359e-09,0.014712839,2.7274766e-10,0.02434193,0.000111440575,0.0070071467,0.113219544,0.09819644228804904,329.97,403.3333333333333,0.24393165,2030935,46.07147,44.680588,45.967873,46.240227,47.227673,46.771008,45.34247,46.179592,47.770912,10.923501,392.0
6.1858744e-05,7.2997575e-27,4.0702726e-06,8.069097e-05,1.4671725e-09,0.00015066075,0.023314284,1.004708e-05,0.00014066488,0.09818496751787538,330.39,403.3333333333333,0.2664722,2037176,42.87305,41.26839,42.61856,43.113125,43.4611,43.791492,41.44482,42.375263,43.489166,18.131538,399.0
0.004999487,2.0550386e-25,2.4217165e-06,0.0068624727,6.062133e-08,0.0129414555,0.0034184738,0.0052994955,0.044424213,0.09817268743615935,329.56,403.3333333333333,0.22335763,2043855,63.81354,61.579403,63.250156,64.13048,64.39843,64.79523,61.272087,63.678177,65.47809,13.55614,400.5
0.011112068,4.8985616e-24,1.761012e-07,0.009034885,4.287964e-10,0.040209547,0.00018261989,0.0003454709,0.16242047,0.09816162267620021,327.31,403.3333333333333,0.1952599,2049873,56.347805,54.90008,56.19993,56.166462,57.29575,57.654293,54.577763,56.1149,58.50968,10.2123,398.0
0.0070834914,2.5070539e-26,2.0575145e-07,0.010538932,6.209613e-11,0.029465048,6.862474e-07,0.032694902,0.063556865,0.09815004494382022,323.99,403.3333333333333,0.17529002,2056170,64.46876,62.883064,64.86684,64.87573,66.2453,65.90113,62.555103,65.561646,66.222725,11.544829,393.0
0.009538931,5.581767e-23,5.3560525e-06,0.022134708,1.4606347e-10,0.035571698,0.00020523608,0.00167529,0.0748554,0.09813872461695608,313.92,403.3333333333333,0.17248428,2062327,60.56689,59.21424,60.0545,61.40327,62.47067,61.872826,59.043022,60.77891,61.935474,6.542096,376.0
0.01608516,1.4719404e-22,6.0971477e-05,0.0025562607,2.215612e-07,0.05463561,4.2904824e-07,0.0059734876,0.046363827,0.09812687477017365,315.96,403.3333333333333,0.19457825,2068772,75.59492,74.811485,74.93297,73.70541,76.439514,76.77607,73.19698,76.06255,75.70621,27.130589,378.0
0.01482176,1.9629172e-20,1.0458248e-06,0.00993221,3.1382823e-09,0.041710977,0.00027324425,0.00028408467,0.07452739,0.09811525107252299,312.39,403.3333333333333,0.18142782,2075094,55.76928,55.809273,55.3312,55.351524,56.98124,56.777367,55.089302,55.976154,56.891518,12.216015,383.0
0.017282624,4.2928517e-21,4.5658297e-07,0.004941573,8.0897605e-10,0.0294292,2.5887748e-09,2.8445978e-05,0.10486337,0.09810350970377937,316.07,403.3333333333333,0.25141606,2081480,60.224197,59.219906,60.514854,58.948887,61.37203,60.73013,58.10459,59.869946,61.7802,38.1939,386.0
0.028868107,3.586591e-22,1.9229392e-07,0.009429128,8.6893355e-09,0.031116854,0.00044910464,3.965206e-06,0.08107695,0.09809178672114402,316.86,403.3333333333333,0.2172631,2087856,43.079952,41.75945,42.650795,41.907196,43.4949,43.1146,41.39818,42.580208,43.837074,10.817448,382.5
0.01884485,7.677558e-21,8.468968e-08,0.0095441975,1.4092423e-09,0.08681629,1.5437075e-05,0.00013166119,0.06316652,0.09807994790602656,319.68,403.3333333333333,0.23835286,2094295,51.95938,50.790592,51.849495,51.2866,52.221752,53.4863,50.795097,51.762936,52.910706,9.257033,391.5
0.022192014,1.9581404e-20,6.877158e-07,0.008509287,1.4310956e-09,0.088612676,7.0374563e-06,1.7149448e-05,0.04411566,0.09806797119509704,320.37,403.3333333333333,0.17546211,2100809,50.430435,48.905235,50.539608,49.47295,50.74749,51.815052,47.836792,50.23962,50.882645,22.155403,399.0
0.01243837,1.5402723e-21,1.9469788e-08,0.013438111,1.3865159e-09,0.070533454,4.331506e-05,3.1036994e-05,0.06361607,0.09805606618998979,321.9,456.8965517241379,0.18195581,2107284,43.153088,42.412586,43.71217,43.22637,43.851254,44.901367,41.094498,43.793457,44.272705,17.716131,390.5
0.017224146,2.2775913e-21,6.1070045e-11,0.012367047,8.611472e-10,0.037062928,0.00053548085,5.325983e-06,0.077375256,0.09804347170582227,326.54,456.8965517241379,0.17027214,2114134,39.556343,38.465305,39.61882,39.201996,40.323772,40.309116,37.455402,39.839382,40.422207,10.660605,409.5
2.4474883e-05,4.916605e-23,2.057657e-09,1.4058389e-05,2.0413546e-10,3.538258e-05,0.016076876,2.5087434e-08,9.291944e-05,0.09803107027579162,330.23,456.8965517241379,0.20913559,2120879,38.228264,36.861095,38.343098,37.707664,38.351948,38.61524,36.25791,38.230045,38.894176,47.199326,436.5
5.2143923e-07,3.9948993e-24,2.8303313e-11,5.838272e-07,2.87982e-11,4.992858e-07,0.037466515,1.428458e-12,1.4941103e-06,0.09801849785495403,334.22,456.8965517241379,0.19585884,2127717,32.43954,31.02397,32.611427,32.553623,32.479816,32.40324,31.268976,32.27568,32.886356,14.965144,435.0
2.9277988e-08,8.9438415e-27,1.6140975e-09,3.0130202e-08,1.3365975e-10,3.803598e-08,0.03625082,2.2630862e-13,7.360878e-08,0.0980068153217569,332.62,456.8965517241379,0.20376915,2134071,29.79952,28.541891,29.789837,29.815441,29.69163,30.069508,28.585999,29.884945,30.071283,15.36068,421.0
3.4119804e-11,6.6084886e-30,5.739046e-12,2.3383939e-11,8.189634e-14,3.3605247e-11,0.037831597,1.5691792e-17,3.8926078e-11,0.09799468049029622,333.87,456.8965517241379,0.19225524,2140671,31.26412,29.688505,30.725279,30.891636,30.82579,31.28017,29.731083,30.636347,31.060827,13.574388,427.5
3.4702435e-10,6.879496e-25,9.617551e-11,3.2790748e-10,1.8123396e-13,4.891411e-10,0.040093552,3.1333189e-16,6.2414673e-10,0.0979820382022472,334.13,456.8965517241379,0.16553615,2147547,25.000694,24.345388,25.325033,24.952642,24.827806,25.378471,23.91642,24.952211,24.987991,8.580625,423.0
6.5916743e-06,2.3653274e-21,2.2422226e-08,6.3153766e-06,4.2330965e-11,1.2625568e-05,0.025586512,4.3517783e-11,1.3782189e-05,0.0979691973442288,336.52,456.8965517241379,0.18441443,2154531,30.864712,30.1223,31.375643,30.819105,31.39744,31.551146,29.580435,31.235218,31.129318,10.630929,426.0
2.8575649e-09,2.1897722e-24,1.4602558e-13,1.7513682e-09,1.7136265e-16,4.1169503e-09,0.009568959,1.3235204e-17,5.308203e-09,0.0979572886618999,332.91,456.8965517241379,0.20460564,2161008,34.45403,33.221275,34.347454,33.99844,34.79458,34.881,31.889553,34.587868,34.51197,26.37466,426.5
4.1758035e-06,4.934813e-18,2.5008077e-07,1.6192312e-06,2.0278466e-12,7.326421e-06,0.010720843,3.9676799e-13,7.666545e-06,0.09794517589376915,335.25,456.8965517241379,0.21581392,2167596,38.28081,37.199028,38.445995,37.34975,38.484596,38.91572,36.0063,38.982452,38.64965,14.976557,446.5
6.507294e-05,1.0898488e-17,6.411012e-08,2.1707629e-05,7.653525e-13,0.00010918994,0.006764883,2.5614737e-13,0.00011103399,0.09793380960163432,331.07,456.8965517241379,0.19668683,2173778,44.430195,43.08434,44.882027,43.32693,44.575565,45.024364,41.64408,44.977272,44.587162,11.050821,450.5
0.0013232239,2.3157455e-15,4.5609384e-05,0.00044230354,1.5414377e-10,0.0029208856,0.006746193,4.8859627e-09,0.0015595625,0.09792207191011236,326.15,456.8965517241379,0.17106174,2180162,39.451458,38.591095,39.760998,38.375698,39.531975,40.282482,36.80678,40.387257,39.209377,19.083687,454.5
0.015994875,3.862261e-14,4.0745952e-05,0.007618261,6.604442e-10,0.030387059,0.001218716,6.768256e-08,0.020845003,0.09790948294177733,324.78,456.8965517241379,0.19266623,2187009,45.38592,44.600555,45.980675,44.680763,46.039227,46.10583,42.53832,46.256424,45.293095,22.565647,463.5
