action_prob 0,action_prob 1,action_prob 2,action_prob 3,action_prob 4,action_prob 5,current_exploration,episode_length,evaluation_reward,expert_loss,frame_number,q_val_action 0,q_val_action 1,q_val_action 2,q_val_action 3,q_val_action 4,q_val_action 5,td_loss,training_reward
0.13189109,0.22706978,0.12198154,0.22353965,0.18028559,0.115232415,1.0,379.15,0.0,0,7583,0.17738032,0.72066116,0.0992735,0.70499265,0.48994607,0.04235491,0,150.0
0.13189109,0.22706978,0.12198154,0.22353965,0.18028559,0.115232415,1.0,368.425,0.0,0,14737,0.17738032,0.72066116,0.0992735,0.70499265,0.48994607,0.04235491,0,145.625
0.13189109,0.22706978,0.12198154,0.22353965,0.18028559,0.115232415,1.0,371.46666666666664,0.0,0,22288,0.17738032,0.72066116,0.0992735,0.70499265,0.48994607,0.04235491,0,136.25
0.13189109,0.22706978,0.12198154,0.22353965,0.18028559,0.115232415,1.0,373.4625,0.0,0,29877,0.17738032,0.72066116,0.0992735,0.70499265,0.48994607,0.04235491,0,140.0
0.13189109,0.22706978,0.12198154,0.22353965,0.18028559,0.115232415,1.0,369.5,0.0,0,36950,0.17738032,0.72066116,0.0992735,0.70499265,0.48994607,0.04235491,0,136.75
0.13189109,0.22706978,0.12198154,0.22353965,0.18028559,0.115232415,1.0,367.89,0.0,0,44372,0.17738032,0.72066116,0.0992735,0.70499265,0.48994607,0.04235491,0,133.0
0.9393655,0.011955916,0.011925375,0.011846493,0.013328112,0.011578588,0.9978489999999999,376.53,0.0,0.22627605,52390,3.4266617,-0.93731666,-0.9398746,-0.9465112,-0.8286674,-0.9693853,3.227034,149.75
0.97884524,0.0032108214,0.0035272737,0.0050697383,0.0024850117,0.0068618283,0.9905328999999999,382.31,0.0,0.026018392,60519,6.933892,1.2140448,1.3080435,1.6708074,0.95779586,1.9734923,36.268627,169.5
0.9756565,0.002012494,0.009381803,0.0050102603,0.0041559143,0.0037829566,0.9841348,377.51,0.0,0.030553607,67628,7.6365914,1.4528557,2.9922526,2.3649685,2.1780136,2.083987,1385.6099,170.5
0.9696404,0.0018610205,0.0081973355,0.0072198557,0.0048921127,0.008189361,0.9771840999999999,384.01,0.0,0.029428951,75351,8.924271,2.6684704,4.1511545,4.0241804,3.6349695,4.1501813,2964.299,187.25
0.99232507,0.0006663543,0.0017810623,0.0025133034,0.00074267964,0.0019715524,0.9696691,393.29,0.0,0.008923627,83701,9.394652,2.0886676,3.071812,3.4161994,2.197111,3.173423,290.93753,205.5
0.99651235,0.0003753662,0.0006376598,0.0009843232,0.00041745137,0.0010727808,0.9631873,385.13,0.0,0.004518343,90903,10.994139,3.110024,3.639927,4.074076,3.21629,4.1601315,307.18842,188.25
0.9864835,0.0013279422,0.0034829532,0.0034750719,0.0015382482,0.0036922584,0.9567496,375.37,0.0,0.0063256877,98056,10.40344,3.7929244,4.7571745,4.754909,3.939938,4.815532,140095.86,166.0
0.9990159,6.118842e-05,0.00027035287,0.00034478505,0.00012140821,0.00018634797,0.9494577999999999,385.3,0.0,0.0013089494,106158,13.164946,3.4643776,4.950148,5.193341,4.149578,4.578035,35468.6,172.0
0.9993481,5.2106116e-05,0.00018374933,0.00020286853,8.981039e-05,0.00012342041,0.9427401999999999,382.71,0.0,0.00094259577,113622,13.848268,3.9866915,5.246981,5.3459673,4.53111,4.849006,288397.03,155.0
0.99970955,2.3283108e-05,6.581915e-05,9.293928e-05,3.675636e-05,7.171149e-05,0.9358164999999999,376.14,0.0,0.00043033034,121315,13.414275,2.7467828,3.7859662,4.1310015,3.2033668,3.871706,130254.56,147.75
0.99961203,5.633385e-05,0.00010328775,8.627192e-05,3.1618903e-05,0.000110386194,0.9289224999999999,380.72,0.0,0.00033330222,128975,13.497595,3.7137682,4.319991,4.1399765,3.1362274,4.3864574,2290261.8,149.5
0.9996437,7.586697e-05,0.00012274714,4.8858972e-05,5.075067e-05,5.809793e-05,0.9219915999999999,386.2,0.0,6.717501e-05,136676,12.97137,3.4851968,3.966342,3.0451539,3.0831404,3.2183456,6310949.0,157.75
0.9999963,3.2911808e-07,1.2385678e-06,8.9319326e-07,4.6444967e-07,7.830913e-07,0.9151722999999999,380.95,0.0,-6.043335e-06,144253,16.128119,1.2012728,2.5265672,2.199659,1.5457098,2.068106,73869.88,146.5
0.999998,1.8319346e-07,5.7657047e-07,4.982864e-07,3.3357634e-07,4.0536057e-07,0.9085203999999999,380.22,0.0,-7.81086e-06,151644,15.780219,0.26749787,1.4140533,1.2681301,0.86682665,1.0617318,36306284.0,150.5
0.99999547,4.3112993e-07,1.3636183e-06,1.1183427e-06,7.569864e-07,7.689116e-07,0.9017388999999999,378.64,0.0,-3.0937704e-06,159179,15.48052,0.8236688,1.9751562,1.7768618,1.3866044,1.4022346,2752404700.0,138.25
0.9999995,6.091693e-08,1.3822044e-07,1.07330976e-07,5.305653e-08,1.053888e-07,0.8946721,380.56,0.0,-9.483613e-06,167031,17.80244,1.1886855,2.008025,1.7550936,1.0505337,1.7368311,15027180.0,138.25
1.0,1.795201e-08,3.0994876e-08,2.8326259e-08,1.5480236e-08,3.4834915e-08,0.8879067999999999,378.72,0.0,-9.901473e-06,174548,17.984192,0.1486277,0.6947488,0.604715,0.0004909001,0.8115471,1381516.0,136.75
1.0,1.7009498e-08,1.682121e-08,3.0751384e-08,1.574244e-08,1.7703785e-08,0.880975,379.97,0.0,-1.0013531e-05,182250,17.084667,-0.80482763,-0.81595755,-0.21266304,-0.882239,-0.76482105,2513249.2,137.25
1.0,1.2848654e-08,2.2951557e-08,3.3195168e-08,2.5124029e-08,1.6869405e-08,0.8745615999999999,377.32,0.0,-9.872864e-06,189376,17.19582,-0.9742063,-0.3940603,-0.025042407,-0.303621,-0.7019437,108804380.0,134.25
1.0,3.2126384e-09,8.594925e-09,3.86748e-09,4.535379e-09,7.467571e-09,0.8674920999999999,380.52,0.0,-1.0013531e-05,197231,16.971052,-2.5851216,-1.6010412,-2.3996115,-2.240306,-1.7416439,94672940.0,146.5
1.0,1.6677442e-09,2.8019684e-09,3.9494275e-09,9.0797075e-10,2.2835092e-09,0.8607906999999999,376.46,0.0,-1.0013531e-05,204677,16.889498,-3.3222957,-2.8034468,-2.460197,-3.9303117,-3.0080557,18541406.0,146.5
1.0,6.750954e-10,1.8651969e-09,1.4964111e-09,4.4210127e-10,7.9077184e-10,0.8535493,381.75,0.0,-1.0013531e-05,212723,16.272156,-4.8440113,-3.8277433,-4.04804,-5.267327,-4.6858563,51649148.0,167.25
1.0,2.369696e-09,2.886334e-09,1.8997257e-09,2.5785092e-09,3.1651786e-09,0.8467290999999999,380.51,0.0,-1.0013531e-05,220301,15.555754,-4.30475,-4.1075244,-4.525803,-4.2203007,-4.0153036,14092808.0,173.75
1.0,4.3155862e-10,5.06629e-10,4.1741782e-10,4.71789e-10,4.8462984e-10,0.8397667,386.61,0.0,-1.0013531e-05,228037,15.833295,-5.730322,-5.569947,-5.763639,-5.641194,-5.6143403,39127140.0,183.0
1.0,7.631937e-10,9.1758784e-10,7.357264e-10,1.0717136e-09,9.1103247e-10,0.8328735999999999,384.65,0.0,-1.0013531e-05,235696,15.268366,-5.7251434,-5.540906,-5.761796,-5.3856406,-5.548077,43524332.0,173.75
1.0,1.9363992e-10,2.807788e-10,2.8054964e-10,1.8190127e-10,1.6017283e-10,0.8262045999999998,384.29,0.0,-1.0013531e-05,243106,16.54549,-5.8195305,-5.4479637,-5.4487796,-5.8820667,-6.0092764,82286104.0,169.25
1.0,2.2122894e-10,4.5363543e-10,3.3103395e-10,3.8314646e-10,2.654555e-10,0.8191881999999999,381.79,0.0,-1.0013531e-05,250902,16.305647,-5.926176,-5.20808,-5.5231524,-5.3769574,-5.743927,75361580.0,157.0
1.0,7.085513e-10,8.110669e-10,3.6850137e-10,6.3449956e-10,4.9310744e-10,0.8123851,381.6,0.0,-1.0013531e-05,258461,16.194242,-4.8735557,-4.738427,-5.527335,-4.9839425,-5.2360525,44669364.0,147.75
1.0,3.5955675e-10,3.2755004e-10,4.282533e-10,4.0354484e-10,2.5612543e-10,0.8054649999999999,381.13,0.0,-1.0013531e-05,266150,15.6854725,-6.060677,-6.1539073,-5.8858333,-5.9452605,-6.399881,24363432000.0,142.5
1.0,4.49605e-10,4.4228346e-10,4.628615e-10,5.319502e-10,2.4991614e-10,0.7991766999999999,374.41,0.0,-1.0013531e-05,273137,15.160211,-6.3624406,-6.3788595,-6.333383,-6.19426,-6.9496856,51228120.0,132.75
1.0,5.8506266e-10,5.709508e-10,4.8904797e-10,3.8391967e-10,5.156418e-10,0.7924726,374.8,0.0,-1.0013531e-05,280586,15.245186,-6.0141163,-6.0385327,-6.1933746,-6.435403,-6.1404233,16098481.0,137.75
1.0,2.7252503e-10,3.5585004e-10,2.8585556e-10,4.841919e-10,2.4031632e-10,0.7854112,375.3,0.0,-1.0013531e-05,288432,15.035069,-6.988221,-6.7214417,-6.9404645,-6.41347,-7.1139956,590138050.0,135.75
1.0,2.0751681e-10,1.8756953e-10,1.9303478e-10,2.7998517e-10,1.7270388e-10,0.7788321999999999,372.81,0.0,-1.0013531e-05,295742,14.78112,-7.5146885,-7.6157517,-7.5870304,-7.215164,-7.6983213,24454310000.0,132.25
1.0,2.2867244e-10,1.4598181e-10,1.4226083e-10,2.7622965e-10,1.124983e-10,0.7717464999999999,374.65,0.0,-1.0013531e-05,303615,14.758607,-7.4401236,-7.8889327,-7.9147525,-7.2511826,-8.149476,184262750.0,136.25
1.0,7.5505213e-10,2.60412e-10,5.833433e-10,9.2393126e-10,2.8063313e-10,0.7642026999999999,388.6,0.0,-1.0013531e-05,311997,14.145068,-6.8591666,-7.923687,-7.117178,-6.6573143,-7.8489056,40777116.0,158.25
1.0,2.4148755e-10,1.4920243e-10,1.8713926e-10,2.3701557e-10,1.686453e-10,0.7573122999999999,390.67,0.0,-1.0013531e-05,319653,14.393333,-7.7508707,-8.232384,-8.005835,-7.7695622,-8.109889,59154884.0,160.5
1.0,6.662867e-10,4.202049e-10,2.534666e-10,6.6576206e-10,9.0294855e-10,0.7503759999999999,389.28,0.0,-1.0013531e-05,327360,14.248036,-6.881264,-7.3422422,-7.847753,-6.8820515,-6.5773187,7144493000.0,160.5
1.0,4.774614e-10,3.9465867e-10,3.0414138e-10,4.5167214e-10,4.7006177e-10,0.7434414999999999,393.23,0.0,-1.0013531e-05,335065,15.429218,-6.033319,-6.2237825,-6.4843097,-6.0888457,-6.0489397,9378134.0,175.25
1.0,2.3421318e-10,2.8192987e-10,3.1009034e-10,3.3092157e-10,7.817588e-10,0.7363512999999999,393.28,0.0,-1.0013531e-05,342943,14.783542,-7.3912477,-7.205821,-7.1106153,-7.045598,-6.185934,25359577000.0,172.75
1.0,2.987632e-10,3.049482e-10,3.582732e-10,3.484086e-10,4.8015275e-10,0.7295202999999999,385.36,0.0,-1.0013531e-05,350533,13.846822,-8.084549,-8.064057,-7.9029045,-7.9308243,-7.610095,28365104.0,170.25
1.0,9.797078e-10,6.81285e-10,1.518061e-09,1.2975677e-09,2.065002e-09,0.7218936999999999,393.54,0.0,-1.0013531e-05,359007,14.830934,-5.9128323,-6.2761073,-5.4748983,-5.631841,-5.167202,1185807700.0,184.5
1.0,4.259845e-10,4.2335446e-10,6.1716127e-10,5.240388e-10,5.6299065e-10,0.7148817999999999,394.38,0.0,-1.0013531e-05,366798,14.284074,-7.292544,-7.298738,-6.921818,-7.085381,-7.013684,1458722300.0,187.25
1.0,7.52446e-09,5.374372e-09,6.0839245e-09,5.907515e-09,4.172493e-09,0.7081263999999998,392.39,0.0,-1.0013531e-05,374304,13.223023,-5.4820833,-5.818601,-5.694592,-5.724017,-6.071728,145193360.0,172.25
1.0,3.902918e-08,3.426445e-08,2.0958584e-08,1.5671109e-08,9.531513e-09,0.7010244999999999,392.52,0.0,-9.964431e-06,382195,13.275207,-3.7837505,-3.9139502,-4.4055104,-4.6962395,-5.193455,1658318.4,167.75
1.0,1.0007687e-08,6.553632e-09,2.423274e-09,5.9695973e-09,3.4058012e-09,0.6940143999999999,394.51,0.0,-1.0013531e-05,389984,13.572639,-4.8472733,-5.270608,-6.265507,-5.363947,-5.9251456,2036309500.0,156.25
1.0,5.9253673e-09,5.7314193e-09,3.0306793e-09,3.888731e-09,2.039162e-09,0.6868747,389.1,0.0,-1.0013531e-05,397917,14.160241,-4.783781,-4.8170624,-5.454237,-5.2049417,-5.8504868,1213270.0,148.75
1.0,1.0244616e-09,1.1667073e-09,6.840558e-10,5.906115e-10,5.3252786e-10,0.6800580999999999,386.93,0.0,-1.0013531e-05,405491,13.215182,-7.4839168,-7.3538976,-7.8877997,-8.034679,-8.138204,9393138.0,139.0
1.0,7.69743e-10,8.8060964e-10,7.7481305e-10,5.381622e-10,4.937945e-10,0.6730677999999999,389.54,0.0,-1.0013531e-05,413258,13.214833,-7.7701306,-7.6355734,-7.763566,-8.128027,-8.214067,40833610.0,152.0
1.0,1.5275617e-09,2.3024462e-09,2.5810187e-09,1.3460207e-09,2.1631625e-09,0.6662062,386.87,0.0,-1.0013531e-05,420882,13.172571,-7.1270213,-6.716722,-6.6025105,-7.2535424,-6.7791233,34257536.0,160.5
1.0,1.8312255e-09,1.7982571e-09,2.2649609e-09,1.5764156e-09,2.0742668e-09,0.6592284999999999,386.51,0.0,-1.0013531e-05,428635,12.072649,-8.045631,-8.063798,-7.8330593,-8.195463,-7.9210086,19879142.0,167.0
1.0,8.0971285e-10,9.2453234e-10,1.1216412e-09,9.69839e-10,1.3193495e-09,0.6523461999999999,383.65,0.0,-1.0013531e-05,436282,13.850307,-7.0840335,-6.951426,-6.758165,-6.9035845,-6.5958195,882511500.0,155.0
1.0,6.1005495e-10,6.473027e-10,5.827917e-10,6.416238e-10,6.30427e-10,0.6450174999999999,389.34,0.0,-1.0013531e-05,444425,13.131727,-8.085746,-8.026481,-8.131465,-8.035291,-8.052896,8051415.0,159.75
1.0,5.0531174e-10,4.2611042e-10,3.61538e-10,4.4681464e-10,6.2103445e-10,0.6374538999999999,395.71,0.0,-1.0013531e-05,452829,12.900149,-8.505696,-8.676173,-8.840504,-8.628728,-8.299484,12876623.0,171.5
1.0,3.8844516e-10,2.6893215e-10,2.7291358e-10,3.5227893e-10,3.8336792e-10,0.629875,403.68,0.0,-1.0013531e-05,461250,13.672806,-7.9960637,-8.363756,-8.349059,-8.093792,-8.00922,2320762000.0,180.5
1.0,1.7923741e-09,1.6618571e-09,2.5635183e-09,2.6197544e-09,2.5866171e-09,0.6230628999999999,401.84,0.0,-1.0013531e-05,468819,12.922195,-7.2175293,-7.293135,-6.85969,-6.8379903,-6.8507185,140513010.0,174.75
1.0,8.457038e-10,1.0091445e-09,7.967794e-10,7.735653e-10,7.731759e-10,0.6156945999999999,407.24,0.0,-1.0013531e-05,477006,12.807287,-8.083565,-7.9068756,-8.143157,-8.172724,-8.173227,345979200.0,184.75
1.0,8.320034e-10,8.0999085e-10,6.7922457e-10,5.3985233e-10,9.515015e-10,0.6086043999999999,404.59,0.0,-1.0013531e-05,484884,14.355202,-6.5519834,-6.5787954,-6.754868,-6.984524,-6.417779,654625500000.0,185.75
1.0,6.643895e-10,5.5962784e-10,5.785697e-10,5.933937e-10,5.944926e-10,0.6012360999999999,402.42,0.0,-1.0013531e-05,493071,11.979882,-9.15227,-9.323866,-9.290581,-9.265282,-9.263432,7057833.5,178.75
1.0,1.3315679e-09,6.2581457e-10,1.2376448e-09,1.2271565e-09,1.1877912e-09,0.5940297999999999,398.28,0.0,-1.0013531e-05,501078,11.703585,-8.733323,-9.488382,-8.806471,-8.8149805,-8.847587,4351323.0,164.5
1.0,3.7832243e-10,3.53066e-10,3.7039266e-10,3.134854e-10,3.206937e-10,0.5868387999999999,402.49,0.0,-1.0013531e-05,509068,11.487781,-10.207494,-10.276587,-10.228678,-10.395488,-10.372754,617713300.0,174.75
1.0,3.7381498e-10,3.7535966e-10,3.682695e-10,3.9152315e-10,3.892922e-10,0.5798070999999999,398.75,0.0,-1.0013531e-05,516881,12.2852955,-9.421966,-9.417842,-9.436912,-9.375682,-9.381396,786962750.0,165.75
1.0,3.0542027e-10,2.5161265e-10,2.622923e-10,2.4273947e-10,2.2694224e-10,0.5726566,399.42,0.0,-1.0013531e-05,524826,12.246255,-9.663077,-9.856876,-9.815307,-9.892777,-9.96007,122547260.0,159.5
1.0,3.050221e-10,3.0559394e-10,2.7644997e-10,2.0984964e-10,2.6287175e-10,0.5657787999999999,393.97,0.0,-1.0013531e-05,532468,12.08081,-9.829826,-9.827954,-9.928183,-10.203819,-9.978545,14455579.0,141.25
1.0,7.349438e-10,7.2711887e-10,7.969116e-10,6.844369e-10,9.654133e-10,0.5582646999999998,397.39,0.0,-1.0013531e-05,540817,11.450627,-9.5806,-9.591304,-9.49965,-9.651796,-9.307837,2745117.8,148.5
1.0,4.931921e-10,4.1842782e-10,4.481803e-10,4.773858e-10,8.159266e-10,0.5513490999999999,394.33,0.0,-1.0013531e-05,548501,10.998842,-10.43128,-10.5956745,-10.526982,-10.463854,-9.927855,14306315000.0,137.5
1.0,2.504224e-10,2.2550883e-10,2.2997239e-10,2.3335614e-10,4.171878e-10,0.5441589999999998,396.09,0.0,-1.0013531e-05,556490,10.934253,-11.173619,-11.27841,-11.25881,-11.244202,-10.663232,19627978.0,139.0
1.0,4.2590323e-10,2.9645178e-10,2.8129551e-10,3.875246e-10,1.1166271e-09,0.5371965999999999,394.0,0.0,-1.0013531e-05,564226,10.815095,-10.761713,-11.1240425,-11.176521,-10.856147,-9.797858,10632421.0,136.0
1.0,7.2330114e-10,3.6504416e-10,6.096129e-10,7.8475865e-10,3.4217997e-09,0.5296806999999999,401.09,0.0,-1.0013531e-05,572577,10.902189,-10.145007,-10.8288145,-10.316007,-10.063456,-8.590909,729122300.0,160.0
1.0,4.472019e-09,4.304031e-09,4.4778914e-09,4.4911665e-09,4.6841517e-09,0.5222835999999998,399.79,0.0,-1.0013531e-05,580796,10.669565,-8.5558605,-8.59415,-8.554548,-8.551587,-8.509515,3571046400.0,156.75
1.0,2.5355704e-10,3.4301095e-10,2.3309013e-10,3.6186498e-10,3.042644e-10,0.5152131999999999,401.51,0.0,-1.0013531e-05,588652,12.846495,-9.248937,-8.946765,-9.333102,-8.893255,-9.06663,49799530.0,166.0
1.0,1.6352272e-10,1.877338e-10,1.6052884e-10,1.9432439e-10,1.8435711e-10,0.5085522999999998,395.63,0.0,-1.0013531e-05,596053,12.825511,-9.708557,-9.570485,-9.727037,-9.535982,-9.5886345,2143835900.0,156.5
1.0,1.2235893e-10,1.2220872e-10,1.3040252e-10,1.4356485e-10,1.2751447e-10,0.5011785999999999,400.2,0.0,-1.0013531e-05,604246,12.815851,-10.008211,-10.0094385,-9.944545,-9.848383,-9.966941,2287094800.0,174.75
1.0,3.3640732e-10,2.0505338e-10,3.3513034e-10,3.2079037e-10,2.8171002e-10,0.49397499999999994,396.73,0.0,-1.0013531e-05,612250,12.291527,-9.521173,-10.016223,-9.524975,-9.5687065,-9.698616,527810700.0,163.25
1.0,2.4029845e-10,1.7018048e-10,2.1712221e-10,2.504009e-10,2.297225e-10,0.4869378999999999,392.73,0.0,-1.0013531e-05,620069,12.153387,-9.995751,-10.340775,-10.097173,-9.954571,-10.040761,4579970.0,160.75
1.0,2.2967606e-10,2.9178782e-10,2.1830235e-10,2.5995048e-10,3.8510412e-10,0.47969739999999994,394.62,0.0,-1.0013531e-05,628114,11.893895,-10.300456,-10.061098,-10.351246,-10.176635,-9.783612,1864162800.0,161.0
1.0,4.121686e-10,6.4914e-10,4.1849646e-10,6.9016565e-10,9.20008e-10,0.47186739999999994,407.61,0.0,-1.0013531e-05,636814,11.741846,-9.867743,-9.413527,-9.852507,-9.352244,-9.064793,5302866.5,177.5
1.0,4.7240134e-10,4.9384913e-10,4.711595e-10,4.9120935e-10,5.048262e-10,0.4639275999999999,413.9,0.0,-1.0013531e-05,645636,10.868641,-10.604551,-10.560149,-10.607183,-10.565511,-10.538165,99015490.0,179.25
1.0,1.4691447e-10,1.5188076e-10,1.5308539e-10,1.5141968e-10,1.4941146e-10,0.4566537999999999,414.68,0.0,-1.0013531e-05,653718,11.480575,-11.160597,-11.127352,-11.11945,-11.130392,-11.1437435,14195409.0,178.25
1.0,2.5336078e-10,2.2113149e-10,2.2669479e-10,1.6196171e-10,2.5725885e-10,0.44928279999999987,418.39,0.0,-1.0013531e-05,661908,11.479664,-10.616542,-10.7526,-10.727752,-11.063997,-10.6012745,4536923.0,191.25
1.0,4.173669e-10,4.2102483e-10,4.2818796e-10,4.121379e-10,3.688065e-10,0.44190909999999983,419.87,0.0,-1.0013531e-05,670101,10.865841,-10.731215,-10.722487,-10.705618,-10.743822,-10.854908,57793780.0,190.25
1.0,7.9115803e-10,4.0243187e-10,5.759811e-10,3.640026e-10,3.9627057e-10,0.43483059999999985,411.52,0.0,-1.0013531e-05,677966,10.395232,-10.562292,-11.238263,-10.879714,-11.338629,-11.253692,47459452.0,181.5
1.0,8.143407e-10,4.5624643e-10,5.7375416e-10,2.2636813e-10,4.827073e-10,0.4272210999999999,407.85,0.0,-1.0013531e-05,686421,10.998819,-9.929823,-10.50917,-10.280002,-11.21004,-10.452792,1018693060.0,176.0
1.0,4.831587e-10,5.0601967e-10,4.3914133e-10,4.5086052e-10,4.7277177e-10,0.41982039999999987,409.26,0.0,-1.0013531e-05,694644,9.994852,-11.455824,-11.409593,-11.551349,-11.525011,-11.477555,3196933.0,187.5
1.0,3.6632333e-10,3.77541e-10,3.2280845e-10,3.4938152e-10,3.3093417e-10,0.4125222999999999,408.45,0.0,-1.0013531e-05,702753,11.404928,-10.322577,-10.292413,-10.449033,-10.369927,-10.424172,1447115.0,181.25
1.0,4.5538748e-10,5.5462285e-10,4.1600465e-10,4.3327908e-10,4.2017606e-10,0.4054230999999999,405.4,0.0,-1.0013531e-05,710641,11.693432,-9.816441,-9.619301,-9.906893,-9.866208,-9.8969145,1110480100.0,172.5
1.0,2.8237115e-10,2.9967692e-10,2.9232539e-10,2.8405384e-10,2.860819e-10,0.3980862999999999,408.27,0.0,-1.0013531e-05,718793,10.834818,-11.152981,-11.093498,-11.118336,-11.14704,-11.139924,5067660.0,175.75
1.0,8.294824e-10,7.964603e-10,1.3712028e-09,9.772405e-10,9.871017e-10,0.3902769999999999,410.49,0.0,-1.0013531e-05,727470,12.389968,-8.520251,-8.560875,-8.017609,-8.35632,-8.346281,394110530.0,184.25
1.0,3.860992e-10,3.2360864e-10,3.6618222e-10,2.9911043e-10,3.750033e-10,0.38252799999999987,414.36,0.0,-1.0013531e-05,736080,12.320919,-9.354008,-9.530567,-9.406972,-9.609289,-9.383167,2577391400.0,173.0
1.0,2.737801e-10,2.724377e-10,2.6289232e-10,2.556998e-10,2.7266644e-10,0.3747132999999999,420.1,0.0,-1.0013531e-05,744763,13.313569,-8.705127,-8.710042,-8.745708,-8.773447,-8.709203,684690000.0,182.5
1.0,2.9759617e-10,4.357879e-10,2.7627495e-10,3.552248e-10,3.438035e-10,0.3669840999999999,427.1,0.0,-1.0013531e-05,753351,12.581514,-9.353769,-8.972351,-9.42811,-9.176755,-9.209436,12872067.0,191.5
1.0,3.630735e-10,3.7072342e-10,3.4619216e-10,3.6030368e-10,3.5759729e-10,0.3595428999999999,428.26,0.0,-1.0013531e-05,761619,14.327433,-7.4089828,-7.388132,-7.456594,-7.4166417,-7.424181,487192030.0,188.5
1.0,1.8235251e-10,2.2671684e-10,2.0108308e-10,2.0781427e-10,1.9545182e-10,0.3518973999999999,426.44,0.0,-1.0013531e-05,770114,14.295974,-8.1291065,-7.911345,-8.031329,-7.998403,-8.059733,1621807.6,175.75
1.0,1.4275825e-10,2.7659344e-10,3.3332243e-10,3.386296e-10,2.580535e-10,0.34422759999999986,425.56,0.0,-1.0013531e-05,778636,14.0617895,-8.608078,-7.946683,-7.760121,-7.7443237,-8.016066,2631670.0,182.25
1.0,3.627897e-10,3.8374762e-10,4.1023684e-10,5.094663e-10,5.081067e-10,0.33652179999999987,424.35,0.0,-1.0013531e-05,787198,13.981768,-7.7554307,-7.699268,-7.6325183,-7.4158893,-7.418562,1691071.9,165.75
1.0,1.8179064e-10,1.8361525e-10,1.8970127e-10,2.099153e-10,2.1958355e-10,0.3290238999999999,421.78,0.0,-1.0013531e-05,795529,13.943088,-8.485077,-8.475092,-8.442482,-8.3412285,-8.296201,53996270.0,161.5
1.0,3.1741182e-10,2.3257941e-10,2.0060463e-10,3.8430945e-10,6.140135e-10,0.3216663999999999,420.85,0.0,-1.0013531e-05,803704,13.727111,-8.14371,-8.4546795,-8.602575,-7.9524627,-7.4838934,24872758.0,163.5
1.0,4.4347787e-10,4.1988762e-10,4.125115e-10,4.5341658e-10,4.67091e-10,0.3136536999999999,424.93,0.0,-1.0013531e-05,812607,11.981045,-9.555328,-9.60999,-9.627711,-9.533165,-9.503453,171319400.0,165.0
1.0,1.8620748e-10,1.7998208e-10,1.7804919e-10,1.8888675e-10,1.9252552e-10,0.30583539999999987,426.58,0.0,-1.0013531e-05,821294,11.9779825,-10.426177,-10.460182,-10.470979,-10.411891,-10.39281,3304067.2,159.0
1.0,1.1494864e-10,1.1213263e-10,1.1129587e-10,1.1593752e-10,1.1745617e-10,0.29786049999999986,429.57,0.0,-1.0013531e-05,830155,11.969075,-10.9174595,-10.942264,-10.949754,-10.908895,-10.89588,1954376.6,168.5
1.0,8.543887e-11,8.354633e-11,8.294108e-11,8.493243e-11,8.563401e-11,0.2899710999999999,433.92,0.0,-1.0013531e-05,838921,11.942752,-11.240467,-11.262868,-11.270139,-11.246413,-11.238187,1989626.9,172.5
1.0,7.3106514e-11,7.1394744e-11,7.079404e-11,7.248697e-11,7.254741e-11,0.2820465999999999,440.22,0.0,-1.0013531e-05,847726,11.842312,-11.496793,-11.520484,-11.528935,-11.505303,-11.504469,1549299.9,176.0
1.0,6.137146e-11,5.887891e-11,5.8194727e-11,5.90073e-11,5.977624e-11,0.2733426999999998,447.9,0.0,-1.0013531e-05,857397,13.840346,-9.673729,-9.715191,-9.726879,-9.713013,-9.7000675,1282005.9,194.25
1.0,5.062511e-11,4.8978425e-11,4.852382e-11,4.901833e-11,4.9596712e-11,0.2654028999999999,449.25,0.0,-1.0013531e-05,866219,13.838329,-9.868243,-9.901312,-9.910636,-9.900498,-9.888768,3068796.8,198.75
1.0,4.2773802e-11,4.158363e-11,4.1252227e-11,4.1612748e-11,4.203057e-11,0.2572119999999999,451.65,0.0,-1.0013531e-05,875320,13.838328,-10.036766,-10.064986,-10.072987,-10.064286,-10.0542965,2442905.0,197.75
1.0,3.708746e-11,3.619214e-11,3.5939682e-11,3.6216308e-11,3.6532326e-11,0.24913089999999982,453.78,0.0,-1.0013531e-05,884299,13.838328,-10.179413,-10.203852,-10.21085,-10.203182,-10.194495,34111764.0,189.5
1.0,3.293918e-11,3.222436e-11,3.201435e-11,3.2260333e-11,3.250858e-11,0.24140529999999982,451.57,0.0,-1.0013531e-05,892883,13.838149,-10.298209,-10.32015,-10.326689,-10.319034,-10.311367,92072080.0,192.75
1.0,2.9532064e-11,2.919107e-11,2.8888428e-11,2.9334455e-11,2.9412108e-11,0.2331576999999999,446.5,0.0,-1.0013531e-05,902047,13.83452,-10.411023,-10.422638,-10.43306,-10.417739,-10.415094,2134630.2,179.25
1.0,2.6747358e-11,2.6551056e-11,2.6363635e-11,2.7497213e-11,2.6756031e-11,0.2244816999999999,454.68,0.0,-1.0013531e-05,911687,13.828266,-10.51632,-10.5236845,-10.530769,-10.488669,-10.515994,666815300.0,185.25
1.0,2.5434984e-11,2.5467899e-11,2.5431735e-11,2.7040252e-11,2.5679103e-11,0.21633579999999986,454.18,0.0,-1.0013531e-05,920738,13.8048725,-10.590023,-10.58873,-10.590152,-10.528821,-10.580471,49251530.0,184.0
1.0,2.3353947e-11,2.3669112e-11,2.3449109e-11,2.5435761e-11,2.3885526e-11,0.20730159999999986,464.77,0.0,-1.0013531e-05,930776,13.798724,-10.681532,-10.668127,-10.677464,-10.596141,-10.659025,1741473.5,209.75
1.0,2.6722268e-11,2.920711e-11,2.719034e-11,3.7279093e-11,2.6439876e-11,0.19871109999999992,474.38,0.0,-1.0013531e-05,940321,13.67448,-10.671043,-10.582129,-10.653679,-10.338108,-10.681668,38965440.0,216.5
1.0,2.9537924e-11,3.0269558e-11,2.9182552e-11,5.242285e-11,3.206776e-11,0.1903554999999999,475.58,0.0,-1.0013531e-05,949605,13.6107025,-10.634644,-10.610175,-10.646749,-10.060976,-10.552466,132908056.0,215.25
1.0,4.72658e-11,6.568542e-11,6.713866e-11,1.6154059e-10,1.14386126e-10,0.18191349999999984,472.98,0.0,-1.0013531e-05,958985,13.118276,-10.656959,-10.327868,-10.305985,-9.427989,-9.773167,705564.3,206.75
1.0,5.5873164e-11,6.875165e-11,7.1314996e-11,1.4787764e-10,1.1881894e-10,0.17200989999999983,492.51,0.0,-1.0013531e-05,969989,13.071958,-10.535979,-10.328562,-10.291956,-9.562679,-9.781464,21667300.0,224.5
1.0,1.5998026e-09,2.8913814e-09,3.15734e-09,4.414779e-09,4.2846353e-09,0.1630881999999999,491.26,0.0,-1.0013531e-05,979902,11.869366,-8.38402,-7.7921658,-7.7041693,-7.368942,-7.398865,5003856.0,207.5
1.0,4.1167517e-10,3.287712e-10,3.087053e-10,4.6099455e-10,4.0783316e-10,0.15481089999999986,487.78,0.0,-1.0013531e-05,989099,11.860068,-9.750719,-9.975591,-10.038566,-9.6375675,-9.760095,35135776.0,188.25
1.0,3.2401273e-09,2.2892654e-09,3.2967498e-09,3.1650096e-09,2.9675573e-09,0.1458729999999998,494.25,0.0,-1.0013531e-05,999030,10.022641,-9.525011,-9.872395,-9.507688,-9.548469,-9.612885,349370.88,195.5
1.0,5.014262e-10,3.9601897e-10,3.6170975e-10,4.0328094e-10,7.3890183e-10,0.13744449999999986,494.1,0.0,-1.0013531e-05,1008395,10.094717,-11.318848,-11.554842,-11.645462,-11.536671,-10.93114,157247.5,192.5
1.0,4.984654e-10,3.4849634e-10,2.992748e-10,6.966023e-10,6.1877375e-10,0.1281195999999999,487.67,0.0,-1.0013531e-05,1018756,9.985804,-11.433683,-11.791591,-11.943855,-11.099003,-11.217477,622878850.0,178.0
1.0,1.6281636e-09,1.5640285e-09,1.5087029e-09,1.5655506e-09,1.655634e-09,0.11909439999999982,488.82,0.0,-1.0013531e-05,1028784,8.1583,-12.077514,-12.117702,-12.153714,-12.116729,-12.060781,414526.1,173.0
1.0,2.733616e-10,2.6104657e-10,2.556169e-10,2.6080121e-10,2.6893676e-10,0.11045349999999987,492.86,0.0,-1.0013531e-05,1038385,8.157364,-13.862862,-13.908959,-13.929978,-13.909899,-13.87918,42647456.0,170.5
1.0,2.6122249e-09,9.617467e-10,1.0985546e-09,7.569916e-10,1.1236754e-09,0.10129779999999988,495.28,0.0,-1.0013531e-05,1048558,7.0437646,-12.719299,-13.718505,-13.585506,-13.957904,-13.562897,5489752000.0,155.5
1.0,2.3007506e-10,1.9369643e-10,1.986968e-10,1.8327795e-10,2.0098147e-10,0.09998305720122574,508.2,0.0,-1.0013531e-05,1059215,9.102631,-13.089985,-13.262098,-13.236611,-13.317386,-13.225179,154299.27,159.0
1.0,1.5105794e-10,2.0352985e-10,2.009646e-10,2.2477196e-10,2.6313413e-10,0.09996341164453525,511.44,0.0,-1.0013531e-05,1069900,9.017389,-13.595968,-13.297818,-13.310502,-13.198546,-13.040968,13723922.0,156.75
1.0,1.0862173e-10,1.461905e-10,1.1960613e-10,1.2728073e-10,1.6797404e-10,0.09994341307456589,519.93,0.0,-1.0013531e-05,1080777,8.994333,-13.948817,-13.651777,-13.852484,-13.790292,-13.512878,64084080.0,166.0
1.0,8.396423e-11,1.0350989e-10,8.6447655e-11,9.1618484e-11,1.1504998e-10,0.09992498467824311,524.15,0.0,-1.0013531e-05,1090800,8.980092,-14.220539,-14.011262,-14.191389,-14.133295,-13.905563,153628.12,177.75
1.0,2.9636812e-10,3.58823e-10,2.2228637e-10,3.3148e-10,4.4199924e-10,0.09990395464759959,536.8,0.0,-1.0013531e-05,1102238,9.068959,-12.870459,-12.679232,-13.158095,-12.758495,-12.470754,209080.77,197.25
1.0,6.110949e-10,4.887794e-10,2.4421998e-10,4.3800535e-10,5.5702093e-10,0.09988333462717058,542.38,0.0,-1.0013531e-05,1113453,9.374375,-11.841393,-12.0647335,-12.758576,-12.174415,-11.934043,6382011.0,203.25
1.0,4.3114234e-10,3.4614858e-10,3.499818e-10,3.0430675e-10,3.7892398e-10,0.09986462860061288,537.27,0.0,-1.0013531e-05,1123627,8.021092,-13.54349,-13.76306,-13.752048,-13.891892,-13.672593,44698.58,189.0
1.0,3.5009395e-10,2.896552e-10,2.613634e-10,6.075931e-10,2.9961006e-10,0.0998438357507661,541.59,0.0,-1.0013531e-05,1134936,7.508301,-14.264518,-14.454029,-14.5568075,-13.713215,-14.4202385,1913794000.0,186.75
1.0,5.8047644e-10,4.3297757e-10,4.5280382e-10,5.455506e-10,4.6205353e-10,0.09982402471910112,549.11,0.0,-1.0013531e-05,1145711,6.248635,-15.0185375,-15.3117,-15.266927,-15.08059,-15.246705,3037363.5,189.5
1.0,2.8067385e-10,2.1257046e-10,1.8016585e-10,2.413112e-10,2.0242531e-10,0.09980381838610827,544.63,0.0,-1.0013531e-05,1156701,6.222194,-15.771634,-16.049553,-16.214949,-15.922739,-16.098455,6675070.0,176.25
1.0,3.0817054e-10,2.4550853e-10,2.398689e-10,2.5521887e-10,2.4262423e-10,0.09978321675178754,544.53,0.0,-1.0013531e-05,1167906,6.1111193,-15.789249,-16.01657,-16.039808,-15.97778,-16.028389,20232.203,168.25
1.0,4.045112e-10,1.4040137e-10,1.2947438e-10,1.02136875e-10,8.598933e-11,0.0997642808988764,545.78,0.0,-1.0013531e-05,1178205,7.5480676,-14.080275,-15.138448,-15.219471,-15.456639,-15.62873,3635319.8,175.5
1.0,2.5247077e-10,1.9742186e-10,1.535205e-10,1.3420058e-10,1.7411553e-10,0.09974451215526048,540.21,0.0,-1.0013531e-05,1188957,9.057444,-13.042282,-13.288235,-13.539744,-13.674242,-13.413859,17078.586,170.75
1.0,2.1510171e-09,2.433195e-09,3.1296459e-09,2.9493255e-09,2.984797e-09,0.09972304085801839,549.24,0.0,-1.0013531e-05,1200635,7.186506,-12.770819,-12.647555,-12.395841,-12.455184,-12.443229,469836.56,181.5
1.0,4.3152184e-09,4.427386e-09,4.3699835e-09,4.3073816e-09,4.4405284e-09,0.09970343023493361,546.0,0.0,-1.0013531e-05,1211301,5.4196024,-13.841516,-13.815854,-13.828904,-13.843334,-13.81289,120182.09,194.0
1.0,2.5899136e-10,2.7752245e-10,3.0623343e-10,2.710104e-10,2.4977603e-10,0.09968297568947906,545.2,0.0,-1.0013531e-05,1222426,7.7702456,-14.30398,-14.234874,-14.136429,-14.258618,-14.340211,21896.682,201.25
1.0,5.7483973e-10,6.285768e-10,1.2349473e-09,1.6822027e-10,3.8660916e-10,0.09966256527068437,553.22,0.0,-1.0013531e-05,1233527,7.6510386,-13.625892,-13.536524,-12.861198,-14.854708,-14.022569,902710800.0,205.5
1.0,3.8141182e-10,5.00111e-10,4.916518e-10,3.3328873e-10,3.701723e-10,0.09964382431052095,547.63,0.0,-1.0013531e-05,1243720,8.52549,-13.161653,-12.890701,-12.90776,-13.296522,-13.191564,1843638100.0,215.0
1.0,4.5040838e-10,3.9336903e-10,6.492564e-10,5.3032023e-10,5.2249083e-10,0.0996228531154239,544.91,0.0,-1.0013531e-05,1255126,7.7003746,-13.820491,-13.955899,-13.454818,-13.6571665,-13.672038,43046000.0,217.0
1.0,9.432437e-10,9.758082e-10,1.0503175e-09,8.686636e-10,4.4625081e-10,0.09960255852911135,548.63,0.0,-1.0013531e-05,1266164,6.737661,-14.044035,-14.010094,-13.936512,-14.126405,-14.792479,3312977.0,201.0
1.0,3.2917777e-10,9.1895706e-11,2.3437585e-10,1.7880572e-10,3.6560435e-10,0.09958083166496424,555.55,0.0,-1.0013531e-05,1277981,8.863449,-12.970974,-14.246917,-13.310647,-13.581271,-12.866021,535556.25,208.25
1.0,2.2787044e-10,1.3939487e-10,2.1588914e-10,1.7108101e-10,2.01725e-10,0.09956162002042901,549.03,0.0,-1.0013531e-05,1288430,9.8655815,-12.336662,-12.82813,-12.390675,-12.6233015,-12.458535,604088.56,218.0
1.0,6.561959e-10,4.929579e-10,7.9588325e-10,2.012212e-10,1.609685e-10,0.09954321184882534,547.22,0.0,-1.0013531e-05,1298442,9.573944,-11.570617,-11.856653,-11.377625,-12.752672,-12.975867,1365570.4,211.5
1.0,1.7151194e-10,1.6311995e-10,1.8142e-10,1.0773697e-10,9.707379e-11,0.09952179019407559,549.67,0.0,-1.0013531e-05,1310093,9.568407,-12.917961,-12.968128,-12.861799,-13.382922,-13.487142,6249.043,203.75
1.0,4.0081244e-10,5.301422e-10,4.3469955e-10,4.064695e-10,1.12294e-10,0.09950338386108273,539.4,0.0,-1.0013531e-05,1320104,9.375207,-12.26232,-11.982668,-12.181158,-12.248306,-13.534695,1432.5253,197.5
1.0,1.0672274e-10,3.0100997e-10,3.4193318e-10,4.3801957e-10,2.967731e-10,0.0994832455566905,530.76,0.0,-1.0013531e-05,1331057,9.604118,-13.356668,-12.319759,-12.1922865,-11.944639,-12.333935,28781652.0,197.0
1.0,4.0324477e-10,4.3109463e-10,4.0373116e-10,8.445093e-10,4.2048393e-10,0.09946475097037794,526.86,0.0,-1.0013531e-05,1341116,9.79957,-11.831907,-11.765122,-11.830701,-11.092694,-11.790044,2593.5476,187.25
1.0,2.6751454e-10,3.672916e-10,3.042336e-10,3.343144e-10,2.1944706e-10,0.09944621593462717,527.55,0.0,-1.0013531e-05,1351197,9.848997,-12.192851,-11.875868,-12.064228,-11.969941,-12.390913,1336.1531,179.0
1.0,6.707815e-10,6.6459604e-10,7.210311e-10,7.3755435e-10,5.648729e-10,0.0994263975485189,518.83,0.0,-1.0013531e-05,1361976,9.208801,-11.913776,-11.92304,-11.841538,-11.81888,-12.085619,1652100.1,173.5
1.0,6.120643e-10,5.5946137e-10,5.277975e-10,6.889136e-10,5.958094e-10,0.09940723370786517,522.95,0.0,-1.0013531e-05,1372399,8.498388,-12.715796,-12.805657,-12.863919,-12.597518,-12.742711,197873.36,173.5
1.0,1.5035493e-09,3.5337724e-10,1.1395153e-09,7.5681406e-10,9.500599e-10,0.09938777568947907,519.25,0.0,-1.0013531e-05,1382982,8.364858,-11.950579,-13.398628,-12.227806,-12.637045,-12.409638,99044904.0,159.0
1.0,4.2650805e-10,3.522608e-10,4.816607e-10,2.4280106e-10,3.858651e-10,0.09936833054136875,524.42,0.0,-1.0013531e-05,1393558,8.097824,-13.477567,-13.668825,-13.355958,-14.040954,-13.577708,9801.355,157.75
1.0,1.7872662e-10,1.1061041e-10,1.4687049e-10,1.0980785e-10,1.423379e-10,0.09934912257405516,528.08,0.0,-1.0013531e-05,1404005,8.889348,-13.555817,-14.035658,-13.752122,-14.04294,-13.783468,1935.0493,167.5
1.0,3.6509845e-10,8.588496e-10,4.825453e-10,2.5605995e-10,8.391689e-10,0.09932952114402452,526.9,0.0,-1.0013531e-05,1414666,9.320344,-12.41051,-11.555082,-12.131603,-12.765266,-11.578266,27172.62,167.25
1.0,5.935069e-10,6.1051825e-10,3.83297e-10,5.73216e-10,7.1008827e-10,0.0993087595505618,535.59,0.0,-1.0013531e-05,1425958,9.204719,-12.040255,-12.011994,-12.477492,-12.07504,-11.860912,599.0329,181.0
1.0,2.1131406e-10,2.0905663e-10,2.2003885e-10,2.052091e-10,2.2182133e-10,0.09928948171603677,534.61,0.0,-1.0013531e-05,1436443,9.07899,-13.198685,-13.209426,-13.158226,-13.228003,-13.150158,663.9445,177.0
1.0,5.6755883e-10,5.569699e-10,6.897787e-10,5.5871385e-10,6.1168615e-10,0.09926966149131768,536.65,0.0,-1.0013531e-05,1447223,8.260247,-13.02943,-13.048262,-12.834404,-13.045136,-12.9545555,35430.79,186.0
1.0,2.0130911e-10,2.2368478e-10,1.9931361e-10,1.9155377e-10,1.6274827e-10,0.09925081756894791,534.67,0.0,-1.0013531e-05,1457472,8.533981,-13.792197,-13.686803,-13.80216,-13.841871,-14.004835,794.20294,182.5
1.0,2.813041e-10,2.766752e-10,2.7272834e-10,2.7806446e-10,2.6626532e-10,0.09923098079673136,535.95,0.0,-1.0013531e-05,1468261,7.4389567,-14.552628,-14.569221,-14.583588,-14.564212,-14.607572,392.03284,180.0
1.0,2.5601016e-10,1.8160487e-10,3.918459e-10,7.4973486e-11,1.8338425e-10,0.09921156322778346,528.64,0.0,-1.0013531e-05,1478822,8.681116,-13.404687,-13.748071,-12.979036,-14.632771,-13.73832,303088.78,165.75
1.0,3.67983e-10,3.5751685e-10,1.6956972e-10,1.78788e-10,3.577078e-10,0.09919134034729316,533.78,0.0,-1.0013531e-05,1489821,8.778565,-12.944419,-12.973272,-13.7191925,-13.666255,-12.97274,51335.184,177.5
1.0,1.6963507e-10,1.7896404e-10,1.4212793e-10,7.876318e-10,1.5212254e-10,0.09917148151174668,533.99,0.0,-1.0013531e-05,1500622,8.703988,-13.793385,-13.739849,-13.970306,-12.258001,-13.902348,1272.435,165.5
1.0,5.953391e-10,9.993147e-10,7.304048e-10,1.0270697e-09,3.493269e-10,0.09914859632277835,555.97,0.0,-1.0013531e-05,1513069,7.200097,-14.041793,-13.523854,-13.837326,-13.49646,-14.574916,171.76532,182.0
1.0,6.109166e-10,5.4283733e-10,2.9579547e-10,1.0546193e-09,1.8975158e-10,0.09913017344228806,548.28,0.0,-1.0013531e-05,1523089,7.1334777,-14.082583,-14.200734,-14.807876,-13.536609,-15.251827,2273239.2,189.5
1.0,5.7662086e-10,3.2008257e-10,5.557061e-10,6.7090433e-10,4.048493e-10,0.09910917834525025,556.86,0.0,-1.0013531e-05,1534508,7.5697036,-13.704133,-14.292738,-13.741077,-13.552691,-14.057803,110400.34,206.75
1.0,2.8307923e-10,3.752895e-10,2.040398e-10,2.7655386e-10,2.0613215e-10,0.09908781920326865,563.04,0.0,-1.0013531e-05,1546125,7.6782646,-14.307029,-14.025058,-14.634441,-14.330351,-14.624239,315.77603,208.5
1.0,3.1113662e-10,6.682658e-10,2.9860311e-10,2.8947347e-10,2.669569e-10,0.09906855607763024,559.8,0.0,-1.0013531e-05,1556602,7.538239,-14.35255,-13.588096,-14.393667,-14.424719,-14.505694,5479.246,208.75
1.0,2.0231146e-10,5.198308e-10,6.189697e-10,1.1123241e-10,1.1137933e-10,0.09904859795709908,543.88,0.0,-1.0013531e-05,1567457,8.127548,-14.193664,-13.249969,-13.075416,-14.79185,-14.790532,157.5517,200.5
1.0,6.8308975e-10,3.122001e-10,2.7241953e-10,2.5621827e-10,2.1513688e-10,0.09902882185903984,551.24,0.0,-1.0013531e-05,1578213,7.6329637,-13.471432,-14.254413,-14.390715,-14.452028,-14.626783,12121.362,193.75
1.0,6.6456946e-10,6.5674396e-11,8.351351e-11,3.1872405e-10,4.800081e-10,0.09900731930541369,554.0,0.0,-1.0013531e-05,1589908,9.787385,-11.344498,-13.658927,-13.418627,-12.079311,-11.669832,7464.116,199.75
1.0,2.692437e-10,1.16158194e-10,2.1324782e-10,2.4815627e-10,2.3601096e-10,0.0989872582226762,546.94,0.0,-1.0013531e-05,1600819,9.655694,-12.379709,-13.220374,-12.612871,-12.461267,-12.511449,8942.918,200.0
1.0,5.587703e-10,6.71104e-10,5.754486e-10,5.3857807e-10,4.093341e-10,0.09896976384065373,537.32,0.0,-1.0013531e-05,1610334,9.515893,-11.789391,-11.606203,-11.759978,-11.826196,-12.100597,2443.4668,194.0
1.0,6.0987926e-10,5.4349936e-10,4.6427176e-10,4.2773005e-10,5.326741e-10,0.09895064596527069,532.75,0.0,-1.0013531e-05,1620732,9.2682085,-11.949552,-12.064784,-12.222342,-12.304319,-12.084904,1832.5853,187.0
1.0,3.8545885e-11,1.5002141e-10,2.0918706e-10,3.945651e-11,1.3438552e-10,0.09892914341164454,542.14,0.0,-1.0013531e-05,1632427,10.584596,-13.394576,-12.035647,-11.7031975,-13.371227,-12.145713,183.55544,198.25
1.0,6.5516664e-10,8.02231e-10,6.798519e-10,7.503074e-10,6.1593125e-10,0.09890883227783452,535.66,0.0,-1.0013531e-05,1643474,8.2278595,-12.918272,-12.715765,-12.881287,-12.782679,-12.980025,427739.28,185.5
1.0,1.9338967e-10,2.1807345e-10,2.0978241e-10,2.0747368e-10,1.9312134e-10,0.09888873626149132,535.85,0.0,-1.0013531e-05,1654404,8.207543,-14.1587715,-14.038646,-14.077407,-14.088472,-14.16016,30059.727,175.5
1.0,1.4630096e-10,1.3014412e-10,1.7678932e-10,1.4780376e-10,1.7481135e-10,0.09887033728294178,540.77,0.0,-1.0013531e-05,1664411,8.16544,-14.479917,-14.59694,-14.290623,-14.469695,-14.301874,14485.9375,186.0
1.0,5.1153154e-10,5.257037e-10,6.4184047e-10,6.0506156e-10,8.0098034e-10,0.09885135730337079,540.02,0.0,-1.0013531e-05,1674734,7.192463,-14.20115,-14.173821,-13.974218,-14.033228,-13.752722,48.795895,182.75
1.0,2.3068685e-09,5.8456657e-09,7.583519e-09,7.1412116e-09,2.1552145e-09,0.0988302482124617,537.88,0.0,-1.0013531e-05,1686215,6.9150763,-12.972299,-12.042489,-11.782213,-11.842307,-13.040298,301751960000.0,190.5
1.0,7.0503814e-10,2.8022024e-10,2.9547517e-10,2.9145353e-10,5.561992e-10,0.0988123493360572,524.76,0.0,-1.0013531e-05,1695950,6.915395,-14.157373,-15.0800495,-15.027041,-15.040746,-14.3945,44.581146,182.5
1.0,3.998877e-10,1.2833039e-10,1.3237096e-10,1.3128874e-10,2.6635116e-10,0.09879197385086824,526.28,0.0,-1.0013531e-05,1707032,6.915417,-14.72442,-15.860995,-15.829996,-15.838204,-15.130789,77.464485,196.0
1.0,2.3268988e-10,7.8810625e-11,8.049589e-11,8.031875e-11,2.0164229e-10,0.0987690482124617,550.9,0.0,-1.0013531e-05,1719501,6.9129467,-15.268368,-16.351027,-16.329868,-16.332071,-15.411579,66.09111,201.25
1.0,1.248742e-09,5.920628e-11,6.049182e-11,6.018959e-11,5.056019e-10,0.09874910847803882,556.12,0.0,-1.0013531e-05,1730346,6.9090385,-13.592092,-16.640955,-16.619474,-16.624483,-14.496233,1982019.9,202.75
1.0,4.074382e-10,4.848219e-11,4.972667e-11,5.0376592e-11,6.985115e-10,0.09873073891726251,541.22,0.0,-1.0013531e-05,1740337,6.8978205,-14.723311,-16.852003,-16.82666,-16.813675,-14.18425,1120.1147,175.5
1.0,1.3060023e-09,4.4876516e-11,4.3414085e-11,4.388012e-11,1.4757566e-09,0.09871230500510725,544.13,0.0,-1.0013531e-05,1750363,6.8560076,-13.600288,-16.9711,-17.00423,-16.993551,-13.478087,33.461685,168.5
1.0,2.1064124e-10,3.9398755e-11,3.7731766e-11,3.9039993e-11,2.3039914e-10,0.09869161511746681,545.84,0.0,-1.0013531e-05,1761616,6.8450365,-15.435828,-17.112251,-17.155481,-17.121397,-15.34617,40.81885,168.25
1.0,1.4407894e-10,3.8244095e-11,3.9042155e-11,3.846246e-11,7.303839e-10,0.09867267926455567,524.14,0.0,-1.0013531e-05,1771915,6.75997,-15.900689,-17.227062,-17.20641,-17.221369,-14.277481,3556.9233,154.0
1.0,4.714391e-10,2.9836972e-10,3.4521497e-10,3.1338615e-10,4.2593085e-10,0.09865198018386108,528.27,0.0,-1.0013531e-05,1783173,6.4018636,-15.073367,-15.530825,-15.384991,-15.481721,-15.174881,19.495302,163.25
1.0,2.1720338e-10,5.195027e-10,5.590709e-10,2.0768391e-10,5.0142523e-10,0.09863070194075588,544.09,0.0,-1.0013531e-05,1794746,6.1370697,-16.113117,-15.241079,-15.167675,-16.157934,-15.276496,905.82306,178.25
1.0,3.0877303e-10,2.267363e-10,1.4530038e-10,1.5471335e-10,2.1598963e-10,0.09861086516853933,551.72,0.0,-1.0013531e-05,1805535,6.401121,-15.497293,-15.806111,-16.251097,-16.188326,-15.854671,6434.7944,192.5
1.0,2.0223352e-10,1.3579698e-10,1.4295035e-10,1.9924748e-10,1.3249524e-10,0.0985913795709908,545.17,0.0,-1.0013531e-05,1816133,6.3239074,-15.997691,-16.395952,-16.344616,-16.012566,-16.420567,1410.845,181.5
1.0,4.2155116e-10,7.200468e-11,5.100251e-11,6.7940986e-10,1.4043833e-10,0.09857097650663943,553.15,0.0,-1.0013531e-05,1827230,7.447833,-14.139247,-15.906456,-16.251312,-13.661963,-15.23842,452399.2,196.25
1.0,1.7441834e-10,1.2840409e-10,9.526947e-10,1.1354647e-09,8.4732965e-10,0.0985499924412666,554.7,0.0,-1.0013531e-05,1838643,6.068209,-16.401356,-16.70763,-14.703518,-14.528014,-14.820723,1876589.1,208.5
1.0,4.717215e-10,2.1008792e-10,5.1994586e-10,1.5511165e-10,6.756416e-10,0.09852891828396323,553.59,0.0,-1.0013531e-05,1850105,4.8277264,-16.646906,-17.455769,-16.54957,-17.75915,-16.287632,18.311205,209.5
1.0,5.5210875e-10,2.7717065e-10,3.1336583e-10,3.2780254e-10,2.834336e-10,0.09850964964249234,550.5,0.0,-1.0013531e-05,1860585,4.8373814,-16.479895,-17.169006,-17.046268,-17.001228,-17.146662,42.29424,198.25
1.0,1.744151e-09,1.617818e-09,1.8423663e-09,1.4903014e-09,1.5172563e-09,0.09848704943820225,567.44,0.0,-1.0013531e-05,1872877,2.7757835,-17.391214,-17.466404,-17.336432,-17.548504,-17.530579,1227.8496,224.25
1.0,6.512793e-10,6.6346634e-10,1.8243149e-10,7.3049256e-10,1.0890786e-09,0.09846734872318692,563.62,0.0,-1.0013531e-05,1883592,3.4193873,-17.732695,-17.714155,-19.005259,-17.617914,-17.218546,2173.104,215.25
1.0,1.3676055e-10,3.1186084e-10,1.2023674e-10,3.813609e-10,4.1411577e-10,0.09844619182839633,564.56,0.0,-1.0013531e-05,1895099,4.993624,-17.719166,-16.89484,-17.847935,-16.693651,-16.611252,37.797874,199.0
1.0,3.7623482e-10,4.8317805e-10,3.120459e-10,4.3687481e-10,3.509009e-10,0.09842651501532176,556.96,0.0,-1.0013531e-05,1905801,3.1991746,-18.501633,-18.251461,-18.688696,-18.3522,-18.571342,2058.8066,185.75
1.0,8.957612e-10,2.3985933e-10,3.1767167e-10,2.5543412e-10,3.8594458e-10,0.09840605863125639,563.42,0.0,-1.0013531e-05,1916927,3.2197385,-17.61361,-18.93123,-18.650265,-18.868319,-18.45559,1764.8383,190.0
1.0,2.699976e-10,2.5217525e-10,6.642387e-10,3.631476e-10,3.5149436e-10,0.09838591848825332,550.04,0.0,-1.0013531e-05,1927881,3.146124,-18.886484,-18.954773,-17.986256,-18.590088,-18.622704,922.8368,161.75
1.0,1.2335889e-09,1.7252315e-10,9.3088653e-10,4.8996857e-10,3.4723438e-10,0.09836585372829418,552.02,0.0,-1.0013531e-05,1938794,3.5839317,-16.929407,-18.896559,-17.210953,-17.852749,-18.19709,2619819.0,154.25
1.0,2.2932194e-10,1.36638e-10,2.4262004e-10,2.729568e-10,3.66973e-10,0.09834655015321757,541.94,0.0,-1.0013531e-05,1949293,3.618845,-18.57705,-19.094841,-18.52068,-18.402863,-18.106888,258.96356,155.75
1.0,1.102822e-10,2.5017702e-10,4.9568366e-10,1.2041092e-10,9.496686e-10,0.09832734402451482,539.38,0.0,-1.0013531e-05,1959739,4.1683173,-18.75966,-17.940535,-17.256765,-18.671793,-16.60659,2469.7295,169.75
1.0,3.8107079e-10,5.2768573e-10,5.8336447e-10,1.2421685e-10,8.9852126e-10,0.09830796322778346,533.53,0.0,-1.0013531e-05,1970280,4.627215,-17.060822,-16.735306,-16.634995,-18.181778,-16.203056,16.25555,176.25
1.0,1.5157081e-10,1.6761208e-10,1.7381922e-10,2.731111e-09,2.9911215e-10,0.09828773299284985,534.02,0.0,-1.0013531e-05,1981283,4.6254277,-17.98454,-17.883942,-17.847578,-15.09313,-17.304775,14629.116,181.0
1.0,1.2378426e-10,1.01315754e-10,1.1417164e-10,2.9844258e-10,1.8620464e-10,0.09826672502553627,539.15,0.0,-1.0013531e-05,1992709,4.5848236,-18.227657,-18.427956,-18.308495,-17.34762,-17.819351,555.2574,192.0
1.0,1.7158787e-10,1.6883261e-10,3.543059e-10,2.5525976e-10,3.8406467e-10,0.09824678345250255,542.62,0.0,-1.0013531e-05,2003555,4.60208,-17.883846,-17.900034,-17.158781,-17.48666,-17.07813,16.32861,190.0
1.0,7.30122e-10,5.7747385e-10,2.5616267e-09,6.5852834e-09,3.0755063e-09,0.09822647783452503,548.6,0.0,-1.0013531e-05,2014599,3.8296528,-17.208157,-17.442705,-15.95297,-15.008775,-15.770143,2148598.0,182.75
1.0,1.7997041e-10,9.5987884e-11,1.2418391e-10,3.3077263e-10,3.3513803e-10,0.0982060049029622,554.54,0.0,-1.0013531e-05,2025734,5.740962,-16.697268,-17.325838,-17.068296,-16.088629,-16.075518,22.651495,185.0
